ILS,LANDKREIS,GEMEINDE,ORTSTEIL,lat,lon,Örtlich zust. Bergwacht,Einsatzleitbereich,,,Örtl. zust Bereitschaft:,Einsatzleitbereich
ILS Passau,Freyung-Grafenau,Eppenschlag,Daxberg - Eppenschlag,48.907756, 13.314049,Grafenau,Nationalpark
ILS Passau,Freyung-Grafenau,Eppenschlag,Eppenschlag - Eppenschlag,48.88948455910265, 13.299441229507527,Grafenau,Nationalpark
ILS Passau,Freyung-Grafenau,Eppenschlag,Fürstberg - Eppenschlag,48.882432644459726, 13.293222780057814,Grafenau,Nationalpark
ILS Passau,Freyung-Grafenau,Eppenschlag,Großmisselberg - Eppenschlag,48.86922850765649, 13.299513072425336,Grafenau,Nationalpark
ILS Passau,Freyung-Grafenau,Eppenschlag,Gschwendtnermühle - Eppenschlag,48.893806237460765, 13.304033759747592,Grafenau,Nationalpark
ILS Passau,Freyung-Grafenau,Eppenschlag,Hohenthan - Eppenschlag,48.87492, 13.30641,Grafenau,Nationalpark
ILS Passau,Freyung-Grafenau,Eppenschlag,Hungerberg - Eppenschlag,48.87869502494015, 13.313970127150137,Grafenau,Nationalpark
ILS Passau,Freyung-Grafenau,Eppenschlag,Hungermühle - Eppenschlag,48.88434576913846, 13.311804520033217,Grafenau,Nationalpark
ILS Passau,Freyung-Grafenau,Eppenschlag,Kaltenberg - Eppenschlag,48.89420, 13.27926,Grafenau,Nationalpark
ILS Passau,Freyung-Grafenau,Eppenschlag,Kleinarmschlag - Eppenschlag,48.872036381371984, 13.289588798077276,Grafenau,Nationalpark
ILS Passau,Freyung-Grafenau,Eppenschlag,Kohlstatt - Eppenschlag,48.91203210655861, 13.303359255380757,Grafenau,Nationalpark
ILS Passau,Freyung-Grafenau,Eppenschlag,Kraftmühle - Eppenschlag,48.90907945468663, 13.283032149365358,Grafenau,Nationalpark
ILS Passau,Freyung-Grafenau,Eppenschlag,Marbach - Eppenschlag,48.8985097039744, 13.294010365297895,Grafenau,Nationalpark
ILS Passau,Freyung-Grafenau,Eppenschlag,Rametnach - Eppenschlag,48.889809611329426, 13.31357523249042,Grafenau,Nationalpark
ILS Passau,Freyung-Grafenau,Eppenschlag,Raumreuth - Eppenschlag,48.91551664382054, 13.292202555505774,Grafenau,Nationalpark
ILS Passau,Freyung-Grafenau,Eppenschlag,Reinhardsschlag - Eppenschlag,48.92156, 13.30605,Grafenau,Nationalpark
ILS Passau,Freyung-Grafenau,Eppenschlag,Rottenberg - Eppenschlag,48.91147, 13.31108,Grafenau,Nationalpark
ILS Passau,Freyung-Grafenau,Eppenschlag,Sommerau - Eppenschlag,48.895978611942546, 13.305629128208839,Grafenau,Nationalpark
ILS Passau,Freyung-Grafenau,Eppenschlag,Steinberg - Eppenschlag,48.89202, 13.31290,Grafenau,Nationalpark
ILS Passau,Freyung-Grafenau,Eppenschlag,Waldeck - Eppenschlag,48.90994, 13.32060,Grafenau,Nationalpark
ILS Passau,Freyung-Grafenau,Eppenschlag,Wolfertschlag - Eppenschlag,48.90268982929183, 13.318233303112459,Grafenau,Nationalpark
ILS Passau,Freyung-Grafenau,Freyung Niederbay,Ahornöd - Freyung Niederbay,48.821336217214004, 13.534329949589038,Wolfstein,Nationalpark
ILS Passau,Freyung-Grafenau,Freyung Niederbay,Aigenstadl - Freyung Niederbay,48.805898410707854, 13.499927715293959,Wolfstein,Nationalpark
ILS Passau,Freyung-Grafenau,Freyung Niederbay,Bannholz - Freyung Niederbay,48.817828402862034, 13.550057462438149,Wolfstein,Nationalpark
ILS Passau,Freyung-Grafenau,Freyung Niederbay,Falkenbach - Freyung Niederbay,48.80845644705009, 13.51567190821624,Wolfstein,Nationalpark
ILS Passau,Freyung-Grafenau,Freyung Niederbay,Feldscheid - Freyung Niederbay,48.79529442838777, 13.503717085991086,Wolfstein,Nationalpark
ILS Passau,Freyung-Grafenau,Freyung Niederbay,Freyung - Freyung Niederbay,48.80849475939658, 13.547522346167453,Wolfstein,Nationalpark
ILS Passau,Freyung-Grafenau,Freyung Niederbay,Geyersberg - Freyung Niederbay,48.79200615674947, 13.5371156022099,Wolfstein,Nationalpark
ILS Passau,Freyung-Grafenau,Freyung Niederbay,Grillaberg - Freyung Niederbay,48.7902606217114, 13.566092262585721,Wolfstein,Nationalpark
ILS Passau,Freyung-Grafenau,Freyung Niederbay,Köppenreut - Freyung Niederbay,48.80845644705009, 13.51567190821624,Wolfstein,Nationalpark
ILS Passau,Freyung-Grafenau,Freyung Niederbay,Kreuzberg - Freyung Niederbay,48.838428111182125, 13.553503464312636,Wolfstein,Nationalpark
ILS Passau,Freyung-Grafenau,Freyung Niederbay,Leitenmühle - Freyung Niederbay,48.815818905678334, 13.574337409995069,Wolfstein,Nationalpark
ILS Passau,Freyung-Grafenau,Freyung Niederbay,Linden - Freyung Niederbay,48.8177113095832, 13.56931241567474,Wolfstein,Nationalpark
ILS Passau,Freyung-Grafenau,Freyung Niederbay,Marchzipf - Freyung Niederbay,48.80238355265914, 13.516034920073752,Wolfstein,Nationalpark
ILS Passau,Freyung-Grafenau,Freyung Niederbay,Mundobl - Freyung Niederbay,48.78788312183219, 13.492322423883467,Wolfstein,Nationalpark
ILS Passau,Freyung-Grafenau,Freyung Niederbay,Neureut - Freyung Niederbay,48.791937662442585, 13.489314597565585,Wolfstein,Nationalpark
ILS Passau,Freyung-Grafenau,Freyung Niederbay,Oberndorf - Freyung Niederbay,48.80942645769738, 13.55803236296313,Wolfstein,Nationalpark
ILS Passau,Freyung-Grafenau,Freyung Niederbay,Öden - Freyung Niederbay,48.78788312183219, 13.492322423883467,Wolfstein,Nationalpark
ILS Passau,Freyung-Grafenau,Freyung Niederbay,Ort - Freyung Niederbay,48.80922933016979, 13.530467460754446,Wolfstein,Nationalpark
ILS Passau,Freyung-Grafenau,Freyung Niederbay,Perlesöd - Freyung Niederbay,48.80607634847437, 13.570861825651052,Wolfstein,Nationalpark
ILS Passau,Freyung-Grafenau,Freyung Niederbay,Pittersberg - Freyung Niederbay,48.797174674386866, 13.5627330833478,Wolfstein,Nationalpark
ILS Passau,Freyung-Grafenau,Freyung Niederbay,Promau - Freyung Niederbay,48.796911870220185, 13.590610181842015,Wolfstein,Nationalpark
ILS Passau,Freyung-Grafenau,Freyung Niederbay,Reschmühle - Freyung Niederbay,48.842766626534626, 13.53139157228235,Wolfstein,Nationalpark
ILS Passau,Freyung-Grafenau,Freyung Niederbay,Saußmühle - Freyung Niederbay,48.82064, 13.57257,Wolfstein,Nationalpark
ILS Passau,Freyung-Grafenau,Freyung Niederbay,Schönbrunn - Freyung Niederbay,48.80284231368936, 13.558809970290229,Wolfstein,Nationalpark
ILS Passau,Freyung-Grafenau,Freyung Niederbay,Solla - Freyung Niederbay,48.794568699984936, 13.543899316753262,Wolfstein,Nationalpark
ILS Passau,Freyung-Grafenau,Freyung Niederbay,Speltenbach - Freyung Niederbay,48.82217592876234, 13.545633113651922,Wolfstein,Nationalpark
ILS Passau,Freyung-Grafenau,Freyung Niederbay,Winkelbrunn - Freyung Niederbay,48.8014211765996, 13.585086626208716,Wolfstein,Nationalpark
ILS Passau,Freyung-Grafenau,Freyung-Grafenau,Alpe - Freyung-Grafenau gemeindefreies Gebiet,48.8849815071618, 13.64341622493587,Wolfstein,Nationalpark
ILS Passau,Freyung-Grafenau,Freyung-Grafenau,Bärnbachruhe - Freyung-Grafenau gemeindefreies Gebiet,48.86243700165898, 13.613322729755952,Wolfstein,Nationalpark
ILS Passau,Freyung-Grafenau,Freyung-Grafenau,Dreisesselfels -Freyung-Grafenau gemeindefreies Gebiet,,,Passau / Haidmühle,Unterer Wald
ILS Passau,Freyung-Grafenau,Freyung-Grafenau,Flanitzhütte - Freyung-Grafenau gemeindefreies Gebiet,48.830680818554356, 13.510690919578735,Grafenau,Nationalpark
ILS Passau,Freyung-Grafenau,Freyung-Grafenau,Haberau - Freyung-Grafenau gemeindefreies Gebiet,48.83808, 13.71256,Passau / Haidmühle,Unterer Wald
ILS Passau,Freyung-Grafenau,Freyung-Grafenau,Kreuzbachklause - Freyung-Grafenau gemeindefreies Gebiet,48.80357, 13.79039,Passau / Haidmühle,Unterer Wald
ILS Passau,Freyung-Grafenau,Freyung-Grafenau,Michelklause - Freyung-Grafenau gemeindefreies Gebiet,,,Passau / Haidmühle,Unterer Wald
ILS Passau,Freyung-Grafenau,Fürsteneck,Anzerreut - Fürsteneck,48.72719, 13.45254,Hauzenberg / Waldkirchen,Unterer Wald
ILS Passau,Freyung-Grafenau,Fürsteneck,Aschberg - Fürsteneck,48.75266, 13.43836,Hauzenberg / Waldkirchen,Unterer Wald
ILS Passau,Freyung-Grafenau,Fürsteneck,Atzldorf - Fürsteneck,48.73350, 13.45904,Hauzenberg / Waldkirchen,Unterer Wald
ILS Passau,Freyung-Grafenau,Fürsteneck,Dürnberg - Fürsteneck,48.72273, 13.45787,Hauzenberg / Waldkirchen,Unterer Wald
ILS Passau,Freyung-Grafenau,Fürsteneck,Fürsteneck - Fürsteneck,48.72047, 13.46107,Hauzenberg / Waldkirchen,Unterer Wald
ILS Passau,Freyung-Grafenau,Fürsteneck,Hochwegen - Fürsteneck,48.74272, 13.44746,Hauzenberg / Waldkirchen,Unterer Wald
ILS Passau,Freyung-Grafenau,Fürsteneck,Loizersdorf - Fürsteneck,48.73382, 13.46167,Hauzenberg / Waldkirchen,Unterer Wald
ILS Passau,Freyung-Grafenau,Fürsteneck,Ohbruck - Fürsteneck,48.71922, 13.46830,Hauzenberg / Waldkirchen,Unterer Wald
ILS Passau,Freyung-Grafenau,Fürsteneck,Plattenhof - Fürsteneck,48.72469, 13.45492,Hauzenberg / Waldkirchen,Unterer Wald
ILS Passau,Freyung-Grafenau,Fürsteneck,Schnürring - Fürsteneck,48.73603, 13.44975,Hauzenberg / Waldkirchen,Unterer Wald
ILS Passau,Freyung-Grafenau,Fürsteneck,Schrottenbaummühle - Fürsteneck,48.73422, 13.43756,Hauzenberg / Waldkirchen,Unterer Wald
ILS Passau,Freyung-Grafenau,Fürsteneck,Simpoln - Fürsteneck,48.74335, 13.46300,Hauzenberg / Waldkirchen,Unterer Wald
ILS Passau,Freyung-Grafenau,Fürsteneck,Wiesmühle - Fürsteneck,48.71485, 13.45977,Hauzenberg / Waldkirchen,Unterer Wald
ILS Passau,Freyung-Grafenau,Grafenau,Altbachhaus - Grafenau,,,Grafenau,Nationalpark
ILS Passau,Freyung-Grafenau,Grafenau,Arfenreuth - Grafenau,48.84006047790915, 13.425818405569487,Grafenau,Nationalpark
ILS Passau,Freyung-Grafenau,Grafenau,Aufeld - Grafenau,48.878888787998726, 13.392213431278725,Grafenau,Nationalpark
ILS Passau,Freyung-Grafenau,Grafenau,Auwies - Grafenau,48.89039571247399, 13.406537904649316,Grafenau,Nationalpark
ILS Passau,Freyung-Grafenau,Grafenau,Bärnstein - Grafenau,48.85215187875848, 13.374406785325574,Grafenau,Nationalpark
ILS Passau,Freyung-Grafenau,Grafenau,Dimpflmühle - Grafenau,,,Grafenau,Nationalpark
ILS Passau,Freyung-Grafenau,Grafenau,Eiblöd - Grafenau,48.81217, 13.40844,Grafenau,Nationalpark
ILS Passau,Freyung-Grafenau,Grafenau,Einberg - Grafenau,48.877928769489195, 13.403625403925545,Grafenau,Nationalpark
ILS Passau,Freyung-Grafenau,Grafenau,Elmberg - Grafenau,48.857755941963525, 13.449364937497938,Grafenau,Nationalpark
ILS Passau,Freyung-Grafenau,Grafenau,Elsenthal - Grafenau,48.84457648277989, 13.371455669970851,Grafenau,Nationalpark
ILS Passau,Freyung-Grafenau,Grafenau,Ettlmühle - Grafenau,48.8155472363191, 13.372332017202455,Grafenau,Nationalpark
ILS Passau,Freyung-Grafenau,Grafenau,Frauenberg - Grafenau,48.843952250170624, 13.379984916014958,Grafenau,Nationalpark
ILS Passau,Freyung-Grafenau,Grafenau,Furth - Grafenau,48.79565034136791, 13.389983987248604,Grafenau,Nationalpark
ILS Passau,Freyung-Grafenau,Grafenau,Furthhammer - Grafenau,48.79100892336488, 13.399411034023144,Grafenau,Nationalpark
ILS Passau,Freyung-Grafenau,Grafenau,Gehmannsberg - Grafenau,48.83142, 13.37605,Grafenau,Nationalpark
ILS Passau,Freyung-Grafenau,Grafenau,Gemmischberg - Grafenau,48.79648, 13.40231,Grafenau,Nationalpark
ILS Passau,Freyung-Grafenau,Grafenau,Grafenau - Grafenau,48.85631060869072, 13.39704589168834,Grafenau,Nationalpark
ILS Passau,Freyung-Grafenau,Grafenau,Grafenhütt - Grafenau,48.85572249282765, 13.36517981714605,Grafenau,Nationalpark
ILS Passau,Freyung-Grafenau,Grafenau,Großarmschlag - Grafenau,48.88195530022526, 13.37719643853404,Grafenau,Nationalpark
ILS Passau,Freyung-Grafenau,Grafenau,Grotting - Grafenau,48.83286371478559, 13.426282927055396,Grafenau,Nationalpark
ILS Passau,Freyung-Grafenau,Grafenau,Grüb - Grafenau,48.866382296315244, 13.388532866443514,Grafenau,Nationalpark
ILS Passau,Freyung-Grafenau,Grafenau,Grüberschlag - Grafenau,48.8749777680825, 13.386578456811362,Grafenau,Nationalpark
ILS Passau,Freyung-Grafenau,Grafenau,Harretsreuth - Grafenau,48.82546, 13.39296,Grafenau,Nationalpark
ILS Passau,Freyung-Grafenau,Grafenau,Harschetsreuth - Grafenau,48.825674039291926, 13.384859381142277,Grafenau,Nationalpark
ILS Passau,Freyung-Grafenau,Grafenau,Haselbach - Grafenau,48.810520672779866, 13.393250069155142,Grafenau,Nationalpark
ILS Passau,Freyung-Grafenau,Grafenau,Haus im Wald - Grafenau,48.803109270380396, 13.397281852525426,Grafenau,Nationalpark
ILS Passau,Freyung-Grafenau,Grafenau,Haus i.Wald - Grafenau,48.80316, 13.39728,Grafenau,Nationalpark
ILS Passau,Freyung-Grafenau,Grafenau,Heinrichsreit - Grafenau,48.812764268497624, 13.416611795371242,Grafenau,Nationalpark
ILS Passau,Freyung-Grafenau,Grafenau,Hörmannsberg - Grafenau,48.8201525588412, 13.422199538940916,Grafenau,Nationalpark
ILS Passau,Freyung-Grafenau,Grafenau,Hötzhof - Grafenau,48.85148, 13.36001,Grafenau,Nationalpark
ILS Passau,Freyung-Grafenau,Grafenau,Jägerreith - Grafenau,48.83665652625862, 13.366926672840048,Grafenau,Nationalpark
ILS Passau,Freyung-Grafenau,Grafenau,Judenhof - Grafenau,48.873121402007264, 13.371888946715526,Grafenau,Nationalpark
ILS Passau,Freyung-Grafenau,Grafenau,Kaltenberg - Grafenau,48.887406603640564, 13.371959631129627,Grafenau,Nationalpark
ILS Passau,Freyung-Grafenau,Grafenau,Kapfham - Grafenau,48.849734888678306, 13.447853942400146,Grafenau,Nationalpark
ILS Passau,Freyung-Grafenau,Grafenau,Kleblmühle - Grafenau,48.862949118435075, 13.424473672402698,Grafenau,Nationalpark
ILS Passau,Freyung-Grafenau,Grafenau,Klingmühle - Grafenau,48.84317, 13.40868,Grafenau,Nationalpark
ILS Passau,Freyung-Grafenau,Grafenau,Köpplhof - Grafenau,48.836964055521975, 13.367078893997904,Grafenau,Nationalpark
ILS Passau,Freyung-Grafenau,Grafenau,Langfeld - Grafenau,48.86856, 13.37901,Grafenau,Nationalpark
ILS Passau,Freyung-Grafenau,Grafenau,Lichteneck - Grafenau,48.8514044304756, 13.416232870194607,Grafenau,Nationalpark
ILS Passau,Freyung-Grafenau,Grafenau,Liebersberg - Grafenau,48.8378675868871, 13.40696115359467,Grafenau,Nationalpark
ILS Passau,Freyung-Grafenau,Grafenau,Lindenhof - Grafenau,48.84087, 13.43624,Grafenau,Nationalpark
ILS Passau,Freyung-Grafenau,Grafenau,Moosham - Grafenau,48.83162421669549, 13.414911526666499,Grafenau,Nationalpark
ILS Passau,Freyung-Grafenau,Grafenau,Nendlnach - Grafenau,48.8151877278683, 13.38229681492412,Grafenau,Nationalpark
ILS Passau,Freyung-Grafenau,Grafenau,Neudorf - Grafenau,48.849351604845694, 13.430656691460817,Grafenau,Nationalpark
ILS Passau,Freyung-Grafenau,Grafenau,Oberhüttensölden - Grafenau,48.83720197358083, 13.360080220044116,Grafenau,Nationalpark
ILS Passau,Freyung-Grafenau,Grafenau,Reismühle - Grafenau,48.87677869729361, 13.394563482300212,Grafenau,Nationalpark
ILS Passau,Freyung-Grafenau,Grafenau,Rosenau - Grafenau,48.87198859630865, 13.411648128733008,Grafenau,Nationalpark
ILS Passau,Freyung-Grafenau,Grafenau,Schildertschlag - Grafenau,48.87345752390666, 13.364550350609365,Grafenau,Nationalpark
ILS Passau,Freyung-Grafenau,Grafenau,Schlag - Grafenau,48.84973570881146, 13.39341812344331,Grafenau,Nationalpark
ILS Passau,Freyung-Grafenau,Grafenau,Schlageröd - Grafenau,48.83434794449279, 13.393561394345735,Grafenau,Nationalpark
ILS Passau,Freyung-Grafenau,Grafenau,Seiboldenreuth - Grafenau,48.83323645105628, 13.43909334768036,Grafenau,Nationalpark
ILS Passau,Freyung-Grafenau,Grafenau,Steinscharten - Grafenau,,,Grafenau,Nationalpark
ILS Passau,Freyung-Grafenau,Grafenau,Stöckelholz - Grafenau,48.82073247043908, 13.376870182258648,Grafenau,Nationalpark
ILS Passau,Freyung-Grafenau,Grafenau,Unterhüttensölden - Grafenau,48.830049584100145, 13.362203229090394,Grafenau,Nationalpark
ILS Passau,Freyung-Grafenau,Grafenau,Voitschlag - Grafenau,48.86111164606748, 13.376751607730924,Grafenau,Nationalpark
ILS Passau,Freyung-Grafenau,Grainet,Exenbach - Grainet,48.77113, 13.65869,Passau / Haidmühle,Unterer Wald
ILS Passau,Freyung-Grafenau,Grainet,Fürholz - Grainet,48.78300, 13.64888,Passau / Haidmühle,Unterer Wald
ILS Passau,Freyung-Grafenau,Grainet,Grainet - Grainet,48.79883, 13.65102,Passau / Haidmühle,Unterer Wald
ILS Passau,Freyung-Grafenau,Grainet,Gschwendet - Grainet,48.78972, 13.70155,Passau / Haidmühle,Unterer Wald
ILS Passau,Freyung-Grafenau,Grainet,Hobelsberg - Grainet,48.79357, 13.66734,Passau / Haidmühle,Unterer Wald
ILS Passau,Freyung-Grafenau,Grainet,Kronwinkel - Grainet,48.77286, 13.64982,Passau / Haidmühle,Unterer Wald
ILS Passau,Freyung-Grafenau,Grainet,Obergrainet - Grainet,48.80231, 13.67186,Passau / Haidmühle,Unterer Wald
ILS Passau,Freyung-Grafenau,Grainet,Oberseilberg - Grainet,48.81067, 13.62901,Passau / Haidmühle,Unterer Wald
ILS Passau,Freyung-Grafenau,Grainet,Ohmühle - Grainet,48.78739, 13.63751,Passau / Haidmühle,Unterer Wald
ILS Passau,Freyung-Grafenau,Grainet,Rehberg - Grainet,48.79370, 13.62217,Passau / Haidmühle,Unterer Wald
ILS Passau,Freyung-Grafenau,Grainet,Unterseilberg - Grainet,48.80199, 13.62576,Passau / Haidmühle,Unterer Wald
ILS Passau,Freyung-Grafenau,Grainet,Vorderfreundorf - Grainet,48.77652, 13.67827,Passau / Haidmühle,Unterer Wald
ILS Passau,Freyung-Grafenau,Haidmühle Niederbay,Auersbergreut- Haidmühle Niederbay,48.84271, 13.75804,Passau / Haidmühle,Unterer Wald
ILS Passau,Freyung-Grafenau,Haidmühle Niederbay,Bischofsreut - Haidmühle Niederbay,48.85559, 13.73540,Passau / Haidmühle,Unterer Wald
ILS Passau,Freyung-Grafenau,Haidmühle Niederbay,Frauenberg - Haidmühle Niederbay,48.79172, 13.76327,Passau / Haidmühle,Unterer Wald
ILS Passau,Freyung-Grafenau,Haidmühle Niederbay,Haberau - Haidmühle Niederbay,48.83812, 13.71230,Passau / Haidmühle,Unterer Wald
ILS Passau,Freyung-Grafenau,Haidmühle Niederbay,Haidmühle - Haidmühle Niederbay,48.82537, 13.77531,Passau / Haidmühle,Unterer Wald
ILS Passau,Freyung-Grafenau,Haidmühle Niederbay,Langreut - Haidmühle Niederbay,48.86689, 13.73233,Passau / Haidmühle,Unterer Wald
ILS Passau,Freyung-Grafenau,Haidmühle Niederbay,Leopoldsreut - Haidmühle Niederbay,48.83204, 13.68112,Passau / Haidmühle,Unterer Wald
ILS Passau,Freyung-Grafenau,Haidmühle Niederbay,Ludwigsreut - Haidmühle Niederbay,48.82133, 13.77172,Passau / Haidmühle,Unterer Wald
ILS Passau,Freyung-Grafenau,Haidmühle Niederbay,Marchhäuser - Haidmühle Niederbay,48.85930, 13.74613,Passau / Haidmühle,Unterer Wald
ILS Passau,Freyung-Grafenau,Haidmühle Niederbay,Raumreut - Haidmühle Niederbay,48.82972, 13.73647,Passau / Haidmühle,Unterer Wald
ILS Passau,Freyung-Grafenau,Haidmühle Niederbay,Schnellenzipf - Haidmühle Niederbay,48.88397, 13.73169,Passau / Haidmühle,Unterer Wald
ILS Passau,Freyung-Grafenau,Haidmühle Niederbay,Schwarzenthal - Haidmühle Niederbay,48.86535, 13.71616,Passau / Haidmühle,Unterer Wald
ILS Passau,Freyung-Grafenau,Haidmühle Niederbay,Theresienreut - Haidmühle Niederbay,48.83593, 13.76167,Passau / Haidmühle,Unterer Wald
ILS Passau,Freyung-Grafenau,Hinterschmiding,Gstöcket - Hinterschmiding,48.84717, 13.62952,Wolfstein,Nationalpark
ILS Passau,Freyung-Grafenau,Hinterschmiding,Heldengut - Hinterschmiding,48.83910047212339, 13.600937622551774,Wolfstein,Nationalpark
ILS Passau,Freyung-Grafenau,Hinterschmiding,Herzogsreut - Hinterschmiding,48.83799356033482, 13.641455195908673,Wolfstein,Nationalpark
ILS Passau,Freyung-Grafenau,Hinterschmiding,Hinterschmiding - Hinterschmiding,48.82261449730041, 13.601357078073981,Wolfstein,Nationalpark
ILS Passau,Freyung-Grafenau,Hinterschmiding,Holzwiese - Hinterschmiding,48.84162307443678, 13.6194841412202,Wolfstein,Nationalpark
ILS Passau,Freyung-Grafenau,Hinterschmiding,Kaining - Hinterschmiding,48.803979285853146, 13.60192950205143,Wolfstein,Nationalpark
ILS Passau,Freyung-Grafenau,Hinterschmiding,Rothbachau - Hinterschmiding,48.83110, 13.63866,Wolfstein,Nationalpark
ILS Passau,Freyung-Grafenau,Hinterschmiding,Schlichtenberg - Hinterschmiding,48.84060037909868, 13.65087671674234,Wolfstein,Nationalpark
ILS Passau,Freyung-Grafenau,Hinterschmiding,Schwarzkopf - Hinterschmiding,48.85703288441046, 13.655042887264743,Wolfstein,Nationalpark
ILS Passau,Freyung-Grafenau,Hinterschmiding,Sonndorf - Hinterschmiding,48.82723217012766, 13.58320506461848,Wolfstein,Nationalpark
ILS Passau,Freyung-Grafenau,Hinterschmiding,Vorderschmiding - Hinterschmiding,48.817851450791274, 13.58088763627098,Wolfstein,Nationalpark
ILS Passau,Freyung-Grafenau,Hohenau,Adelsberg - Hohenau,48.83814, 13.46993,Wolfstein,Nationalpark
ILS Passau,Freyung-Grafenau,Hohenau,Bierhütte - Hohenau,48.84236419029411, 13.525102024792332,Wolfstein,Nationalpark
ILS Passau,Freyung-Grafenau,Hohenau,Buchberg - Hohenau,48.816136822859605, 13.501092752536795,Wolfstein,Nationalpark
ILS Passau,Freyung-Grafenau,Hohenau,Bucheck - Hohenau,48.8172290389404, 13.497445612571068,Wolfstein,Nationalpark
ILS Passau,Freyung-Grafenau,Hohenau,Eppenberg - Hohenau,48.82918713925828, 13.487715292633284,Wolfstein,Nationalpark
ILS Passau,Freyung-Grafenau,Hohenau,Glashütte - Hohenau,48.87856398760834, 13.54855288976433,Wolfstein,Nationalpark
ILS Passau,Freyung-Grafenau,Hohenau,Haag - Hohenau,48.83890318938957, 13.484109920714172,Wolfstein,Nationalpark
ILS Passau,Freyung-Grafenau,Hohenau,Haslach - Hohenau,48.84555637806869, 13.497447489381177,Wolfstein,Nationalpark
ILS Passau,Freyung-Grafenau,Hohenau,Hohenau - Hohenau,48.84978391285339, 13.488871008737851,Wolfstein,Nationalpark
ILS Passau,Freyung-Grafenau,Hohenau,Hötzelsberg - Hohenau,48.84142476122892, 13.459784606853265,Wolfstein,Nationalpark
ILS Passau,Freyung-Grafenau,Hohenau,Hundswinkel - Hohenau,48.83410, 13.49264,Wolfstein,Nationalpark
ILS Passau,Freyung-Grafenau,Hohenau,Kanzel - Hohenau,48.88788913199011, 13.531907375703325,Wolfstein,Nationalpark
ILS Passau,Freyung-Grafenau,Hohenau,Kapfham - Hohenau,48.849068048653166, 13.448792226608788,Wolfstein,Nationalpark
ILS Passau,Freyung-Grafenau,Hohenau,Kirchl - Hohenau,48.86043684476841, 13.502678030277123,Wolfstein,Nationalpark
ILS Passau,Freyung-Grafenau,Hohenau,Kramersbrunn - Hohenau,48.84427, 13.47516,Wolfstein,Nationalpark
ILS Passau,Freyung-Grafenau,Hohenau,Neuraimundsreut - Hohenau,48.86781471644316, 13.558084789108381,Wolfstein,Nationalpark
ILS Passau,Freyung-Grafenau,Hohenau,Oberkashof - Hohenau,48.851024641249815, 13.53528168123649,Wolfstein,Nationalpark
ILS Passau,Freyung-Grafenau,Hohenau,Raimundsreut - Hohenau,48.86542470656342, 13.545220340519302,Wolfstein,Nationalpark
ILS Passau,Freyung-Grafenau,Hohenau,Sägmühle - Hohenau,48.86283086306097, 13.483161709920939,Wolfstein,Nationalpark
ILS Passau,Freyung-Grafenau,Hohenau,Saldenau - Hohenau,48.84926755680117, 13.471017814868054,Wolfstein,Nationalpark
ILS Passau,Freyung-Grafenau,Hohenau,Saulorn - Hohenau,48.83015386457792, 13.501847243901201,Wolfstein,Nationalpark
ILS Passau,Freyung-Grafenau,Hohenau,Schönbrunn a.Lusen - Hohenau,48.8632687287292, 13.533628271021405,Wolfstein,Nationalpark
ILS Passau,Freyung-Grafenau,Hohenau,Schönbrunnerhäuser - Hohenau,48.86978694919185, 13.50713440735901,Wolfstein,Nationalpark
ILS Passau,Freyung-Grafenau,Hohenau,Unterkashof - Hohenau,48.84479377026748, 13.52924709727976,Wolfstein,Nationalpark
ILS Passau,Freyung-Grafenau,Hohenau,Weidhütte - Hohenau,48.89281098094724, 13.50743688728521,Wolfstein,Nationalpark
ILS Passau,Freyung-Grafenau,Innernzell,Asberg - Innernzell,48.858633870581706, 13.279992280317645,Grafenau,Nationalpark
ILS Passau,Freyung-Grafenau,Innernzell,Asbergmühle - Innernzell,48.85933, 13.27428,Grafenau,Nationalpark
ILS Passau,Freyung-Grafenau,Innernzell,Bärndorf - Innernzell,48.8187743861714, 13.275571905444062,Grafenau,Nationalpark
ILS Passau,Freyung-Grafenau,Innernzell,Bärnreuth - Innernzell,48.853620301502744, 13.304543395038015,Grafenau,Nationalpark
ILS Passau,Freyung-Grafenau,Innernzell,Gaiging - Innernzell,48.84807, 13.30379,Grafenau,Nationalpark
ILS Passau,Freyung-Grafenau,Innernzell,Gmünd - Innernzell,48.8601910567007, 13.267188546941126,Grafenau,Nationalpark
ILS Passau,Freyung-Grafenau,Innernzell,Hilgenreith - Innernzell,48.85034991292099, 13.260841012338846,Grafenau,Nationalpark
ILS Passau,Freyung-Grafenau,Innernzell,Holzmühle - Innernzell,48.860426695481635, 13.300499600138389,Grafenau,Nationalpark
ILS Passau,Freyung-Grafenau,Innernzell,Innernzell - Innernzell,48.85148195209018, 13.276126016546282,Grafenau,Nationalpark
ILS Passau,Freyung-Grafenau,Innernzell,Lungdorf - Innernzell,48.864677115358624, 13.27077384246589,Grafenau,Nationalpark
ILS Passau,Freyung-Grafenau,Innernzell,Manglham - Innernzell,48.85329985145129, 13.248374927751648,Grafenau,Nationalpark
ILS Passau,Freyung-Grafenau,Innernzell,Oberöd - Innernzell,48.83356, 13.28140,Grafenau,Nationalpark
ILS Passau,Freyung-Grafenau,Innernzell,Ohhof - Innernzell,48.851397576480444, 13.306278626408597,Grafenau,Nationalpark
ILS Passau,Freyung-Grafenau,Innernzell,Ort - Innernzell,48.86797, 13.25776,Grafenau,Nationalpark
ILS Passau,Freyung-Grafenau,Innernzell,Schlag - Innernzell,48.83502767948688, 13.264199600072624,Grafenau,Nationalpark
ILS Passau,Freyung-Grafenau,Innernzell,Schlagmühle - Innernzell,48.83282576632457, 13.271812255755425,Grafenau,Nationalpark
ILS Passau,Freyung-Grafenau,Innernzell,Tumiching - Innernzell,48.850985404491105, 13.282876713769733,Grafenau,Nationalpark
ILS Passau,Freyung-Grafenau,Innernzell,Unteröd - Innernzell,48.83908198447021, 13.283308199325878,Grafenau,Nationalpark
ILS Passau,Freyung-Grafenau,Innernzell,Vocking - Innernzell,48.84277328711515, 13.299070672644449,Grafenau,Nationalpark
ILS Passau,Freyung-Grafenau,Jandelsbrunn,Anglberg - Jandelsbrunn,48.70246, 13.69510,Hauzenberg / Waldkirchen,Unterer Wald
ILS Passau,Freyung-Grafenau,Jandelsbrunn,Aßberg - Jandelsbrunn,48.71763, 13.68879,Hauzenberg / Waldkirchen,Unterer Wald
ILS Passau,Freyung-Grafenau,Jandelsbrunn,Aßbergermühle - Jandelsbrunn,48.71370, 13.69536,Hauzenberg / Waldkirchen,Unterer Wald
ILS Passau,Freyung-Grafenau,Jandelsbrunn,Aßbergerweid - Jandelsbrunn,48.71629, 13.69797,Hauzenberg / Waldkirchen,Unterer Wald
ILS Passau,Freyung-Grafenau,Jandelsbrunn,Binderhügel - Jandelsbrunn,48.75111, 13.69007,Hauzenberg / Waldkirchen,Unterer Wald
ILS Passau,Freyung-Grafenau,Jandelsbrunn,Bognerwies - Jandelsbrunn,48.70465, 13.71669,Hauzenberg / Waldkirchen,Unterer Wald
ILS Passau,Freyung-Grafenau,Jandelsbrunn,Brunnermühle - Jandelsbrunn,,,Hauzenberg / Waldkirchen,Unterer Wald
ILS Passau,Freyung-Grafenau,Jandelsbrunn,Duschlwies - Jandelsbrunn,48.76166, 13.70803,Hauzenberg / Waldkirchen,Unterer Wald
ILS Passau,Freyung-Grafenau,Jandelsbrunn,Edhäusel - Jandelsbrunn,48.74884, 13.66291,Hauzenberg / Waldkirchen,Unterer Wald
ILS Passau,Freyung-Grafenau,Jandelsbrunn,Fasangarten - Jandelsbrunn,48.72671, 13.68125,Hauzenberg / Waldkirchen,Unterer Wald
ILS Passau,Freyung-Grafenau,Jandelsbrunn,Freud - Jandelsbrunn,48.73697, 13.68952,Hauzenberg / Waldkirchen,Unterer Wald
ILS Passau,Freyung-Grafenau,Jandelsbrunn,Grübwies - Jandelsbrunn,48.69167, 13.70418,Hauzenberg / Waldkirchen,Unterer Wald
ILS Passau,Freyung-Grafenau,Jandelsbrunn,Grund - Jandelsbrunn,48.71116, 13.66142,Hauzenberg / Waldkirchen,Unterer Wald
ILS Passau,Freyung-Grafenau,Jandelsbrunn,Grundmühle - Jandelsbrunn,48.70941, 13.66949,Hauzenberg / Waldkirchen,Unterer Wald
ILS Passau,Freyung-Grafenau,Jandelsbrunn,Gsteinet - Jandelsbrunn,48.71257, 13.69452,Hauzenberg / Waldkirchen,Unterer Wald
ILS Passau,Freyung-Grafenau,Jandelsbrunn,Hanselmühle - Jandelsbrunn,48.71229, 13.67772,Hauzenberg / Waldkirchen,Unterer Wald
ILS Passau,Freyung-Grafenau,Jandelsbrunn,Heindlschlag - Jandelsbrunn,48.70152, 13.67108,Hauzenberg / Waldkirchen,Unterer Wald
ILS Passau,Freyung-Grafenau,Jandelsbrunn,Hintereben - Jandelsbrunn,48.75469, 13.66609,Hauzenberg / Waldkirchen,Unterer Wald
ILS Passau,Freyung-Grafenau,Jandelsbrunn,Hinterwollaberg - Jandelsbrunn,48.72838, 13.67082,Hauzenberg / Waldkirchen,Unterer Wald
ILS Passau,Freyung-Grafenau,Jandelsbrunn,Höllmühle - Jandelsbrunn,48.76000, 13.65695,Hauzenberg / Waldkirchen,Unterer Wald
ILS Passau,Freyung-Grafenau,Jandelsbrunn,Jandelsbrunnermühle - Jandelsbrunn,48.73027, 13.69137,Hauzenberg / Waldkirchen,Unterer Wald
ILS Passau,Freyung-Grafenau,Jandelsbrunn,Kaltwasser - Jandelsbrunn,48.75692, 13.69045,Hauzenberg / Waldkirchen,Unterer Wald
ILS Passau,Freyung-Grafenau,Jandelsbrunn,Laßberg - Jandelsbrunn,48.72287, 13.69802,Hauzenberg / Waldkirchen,Unterer Wald
ILS Passau,Freyung-Grafenau,Jandelsbrunn,Lenzmühle - Jandelsbrunn,48.70638, 13.66124,Hauzenberg / Waldkirchen,Unterer Wald
ILS Passau,Freyung-Grafenau,Jandelsbrunn,Linden - Jandelsbrunn,48.73170, 13.67310,Hauzenberg / Waldkirchen,Unterer Wald
ILS Passau,Freyung-Grafenau,Jandelsbrunn,Mitterau - Jandelsbrunn,48.69003, 13.68436,Hauzenberg / Waldkirchen,Unterer Wald
ILS Passau,Freyung-Grafenau,Jandelsbrunn,Mösing - Jandelsbrunn,48.73506, 13.67748,Hauzenberg / Waldkirchen,Unterer Wald
ILS Passau,Freyung-Grafenau,Jandelsbrunn,Neufang - Jandelsbrunn,48.74373, 13.64712,Hauzenberg / Waldkirchen,Unterer Wald
ILS Passau,Freyung-Grafenau,Jandelsbrunn,Neuweid - Jandelsbrunn,48.71212, 13.71702,Hauzenberg / Waldkirchen,Unterer Wald
ILS Passau,Freyung-Grafenau,Jandelsbrunn,Ödhof - Jandelsbrunn,48.76316, 13.65946,Hauzenberg / Waldkirchen,Unterer Wald
ILS Passau,Freyung-Grafenau,Jandelsbrunn,Pfifferhof - Jandelsbrunn,48.73191, 13.71198,Hauzenberg / Waldkirchen,Unterer Wald
ILS Passau,Freyung-Grafenau,Jandelsbrunn,Poppenreut - Jandelsbrunn,48.74075, 13.65921,Hauzenberg / Waldkirchen,Unterer Wald
ILS Passau,Freyung-Grafenau,Jandelsbrunn,Rehleiten - Jandelsbrunn,48.69651, 13.72271,Hauzenberg / Waldkirchen,Unterer Wald
ILS Passau,Freyung-Grafenau,Jandelsbrunn,Reichermühle - Jandelsbrunn,48.72845, 13.65117,Hauzenberg / Waldkirchen,Unterer Wald
ILS Passau,Freyung-Grafenau,Jandelsbrunn,Reichling - Jandelsbrunn,48.73240, 13.65212,Hauzenberg / Waldkirchen,Unterer Wald
ILS Passau,Freyung-Grafenau,Jandelsbrunn,Reut - Jandelsbrunn,48.73790, 13.69495,Hauzenberg / Waldkirchen,Unterer Wald
ILS Passau,Freyung-Grafenau,Jandelsbrunn,Rohrhof - Jandelsbrunn,48.71084, 13.67682,Hauzenberg / Waldkirchen,Unterer Wald
ILS Passau,Freyung-Grafenau,Jandelsbrunn,Rosenberg - Jandelsbrunn,48.70792, 13.68678,Hauzenberg / Waldkirchen,Unterer Wald
ILS Passau,Freyung-Grafenau,Jandelsbrunn,Saghäuser - Jandelsbrunn,48.76793, 13.70054,Hauzenberg / Waldkirchen,Unterer Wald
ILS Passau,Freyung-Grafenau,Jandelsbrunn,Sagmühle - Jandelsbrunn,48.76877, 13.68741,Hauzenberg / Waldkirchen,Unterer Wald
ILS Passau,Freyung-Grafenau,Jandelsbrunn,Scheiben - Jandelsbrunn,48.74203, 13.69792,Hauzenberg / Waldkirchen,Unterer Wald
ILS Passau,Freyung-Grafenau,Jandelsbrunn,Schindelstatt - Jandelsbrunn,48.72443, 13.70610,Hauzenberg / Waldkirchen,Unterer Wald
ILS Passau,Freyung-Grafenau,Jandelsbrunn,Schlag - Jandelsbrunn,48.74807, 13.68260,Hauzenberg / Waldkirchen,Unterer Wald
ILS Passau,Freyung-Grafenau,Jandelsbrunn,Steinerfurth - Jandelsbrunn,48.69768, 13.70929,Hauzenberg / Waldkirchen,Unterer Wald
ILS Passau,Freyung-Grafenau,Jandelsbrunn,Stierweid - Jandelsbrunn,,,Hauzenberg / Waldkirchen,Unterer Wald
ILS Passau,Freyung-Grafenau,Jandelsbrunn,Voglöd - Jandelsbrunn,48.75161, 13.65836,Hauzenberg / Waldkirchen,Unterer Wald
ILS Passau,Freyung-Grafenau,Jandelsbrunn,Vorderau - Jandelsbrunn,48.68932, 13.67615,Hauzenberg / Waldkirchen,Unterer Wald
ILS Passau,Freyung-Grafenau,Jandelsbrunn,Vordereben - Jandelsbrunn,48.73878, 13.64846,Hauzenberg / Waldkirchen,Unterer Wald
ILS Passau,Freyung-Grafenau,Jandelsbrunn,Weid - Jandelsbrunn,48.73107, 13.70161,Hauzenberg / Waldkirchen,Unterer Wald
ILS Passau,Freyung-Grafenau,Jandelsbrunn,Wolfau - Jandelsbrunn,48.69610, 13.69273,Hauzenberg / Waldkirchen,Unterer Wald
ILS Passau,Freyung-Grafenau,Jandelsbrunn,Wollaberg - Jandelsbrunn,48.72027, 13.67113,Hauzenberg / Waldkirchen,Unterer Wald
ILS Passau,Freyung-Grafenau,Jandelsbrunn,Zielberg - Jandelsbrunn,48.74577, 13.70634,Hauzenberg / Waldkirchen,Unterer Wald
ILS Passau,Freyung-Grafenau,Mauth Niederbay,Annathal - Mauth,48.872456987999016, 13.614195554413756,Wolfstein,Nationalpark
ILS Passau,Freyung-Grafenau,Mauth Niederbay,Annathal - Mauth Niederbay,48.872456987999016, 13.614195554413756,Wolfstein,Nationalpark
ILS Passau,Freyung-Grafenau,Mauth Niederbay,Bärnbachruhe - Mauth Niederbay,48.862370792350816, 13.613426170339228,Wolfstein,Nationalpark
ILS Passau,Freyung-Grafenau,Mauth Niederbay,Finsterau - Mauth,48.93024556234261, 13.575934993577766,Wolfstein,Nationalpark
ILS Passau,Freyung-Grafenau,Mauth Niederbay,Finsterau - Mauth Niederbay,48.93066, 13.57759,Wolfstein,Nationalpark
ILS Passau,Freyung-Grafenau,Mauth Niederbay,Heinrichsbrunn - Mauth Niederbay,48.92015669558926, 13.57727020577124,Wolfstein,Nationalpark
ILS Passau,Freyung-Grafenau,Mauth Niederbay,Hohenröhren - Mauth,48.908709544898855, 13.582853820327259,Wolfstein,Nationalpark
ILS Passau,Freyung-Grafenau,Mauth Niederbay,Hohenröhren - Mauth Niederbay,48.90920, 13.58228,Wolfstein,Nationalpark
ILS Passau,Freyung-Grafenau,Mauth Niederbay,Mauth - Mauth Niederbay,48.88939900069715, 13.58491733008972,Wolfstein,Nationalpark
ILS Passau,Freyung-Grafenau,Mauth Niederbay,Neuhütte - Mauth,48.86585264854311, 13.574363419192395,Wolfstein,Nationalpark
ILS Passau,Freyung-Grafenau,Mauth Niederbay,Neuhütte - Mauth Niederbay,48.86581, 13.57435,Wolfstein,Nationalpark
ILS Passau,Freyung-Grafenau,Mauth Niederbay,Schlichtenberger Wald09272462 - Mauth Niederbay,48.86696451750853, 13.632306593579958,Wolfstein,Nationalpark
ILS Passau,Freyung-Grafenau,Mauth Niederbay,Spicking - Mauth Niederbay,48.89540106050959, 13.60004592756144,Wolfstein,Nationalpark
ILS Passau,Freyung-Grafenau,Mauth Niederbay,Tummelplatz - Mauth Niederbay,48.91850231251379, 13.528484230296174,Wolfstein,Nationalpark
ILS Passau,Freyung-Grafenau,Mauth Niederbay,Vierhäuser - Mauth,48.87495, 13.58027,Wolfstein,Nationalpark
ILS Passau,Freyung-Grafenau,Mauth Niederbay,Vierhäuser - Mauth Niederbay,48.876349595439436, 13.579972639015232,Wolfstein,Nationalpark
ILS Passau,Freyung-Grafenau,Mauth Niederbay,Zwölfhäuser - Mauth,48.90248, 13.58638,Wolfstein,Nationalpark
ILS Passau,Freyung-Grafenau,Mauth Niederbay,Zwölfhäuser - Mauth Niederbay,48.89957387440616, 13.588133977637819,Wolfstein,Nationalpark
ILS Passau,Freyung-Grafenau,Neureichenau,Altreichenau - Neureichenau,48.76868, 13.73156,Passau / Haidmühle,Unterer Wald
ILS Passau,Freyung-Grafenau,Neureichenau,Bernau - Neureichenau,48.76776, 13.71920,Passau / Haidmühle,Unterer Wald
ILS Passau,Freyung-Grafenau,Neureichenau,Binderbruck - Neureichenau,48.73873, 13.72544,Passau / Haidmühle,Unterer Wald
ILS Passau,Freyung-Grafenau,Neureichenau,Branntweinhäuser - Neureichenau,48.78126, 13.73961,Passau / Haidmühle,Unterer Wald
ILS Passau,Freyung-Grafenau,Neureichenau,Dreisesselhaus - Neureichenau,48.78105, 13.80322,Passau / Haidmühle,Unterer Wald
ILS Passau,Freyung-Grafenau,Neureichenau,Duschlberg - Neureichenau,48.79037, 13.73024,Passau / Haidmühle,Unterer Wald
ILS Passau,Freyung-Grafenau,Neureichenau,Fischergrün - Neureichenau,48.75383, 13.76032,Passau / Haidmühle,Unterer Wald
ILS Passau,Freyung-Grafenau,Neureichenau,Gänswies - Neureichenau,48.74171, 13.73534,Passau / Haidmühle,Unterer Wald
ILS Passau,Freyung-Grafenau,Neureichenau,Gern - Neureichenau,48.73451, 13.75575,Passau / Haidmühle,Unterer Wald
ILS Passau,Freyung-Grafenau,Neureichenau,Gsenget - Neureichenau,48.72631, 13.73843,Passau / Haidmühle,Unterer Wald
ILS Passau,Freyung-Grafenau,Neureichenau,Hinterfreundorf - Neureichenau,48.78097, 13.72580,Passau / Haidmühle,Unterer Wald
ILS Passau,Freyung-Grafenau,Neureichenau,Kernberg - Neureichenau,48.73962, 13.74196,Passau / Haidmühle,Unterer Wald
ILS Passau,Freyung-Grafenau,Neureichenau,Klafferstraß - Neureichenau,48.72840, 13.79624,Passau / Haidmühle,Unterer Wald
ILS Passau,Freyung-Grafenau,Neureichenau,Kleingsenget - Neureichenau,48.72120, 13.75583,Passau / Haidmühle,Unterer Wald
ILS Passau,Freyung-Grafenau,Neureichenau,Lackenhäuser - Neureichenau,48.74024, 13.80735,Passau / Haidmühle,Unterer Wald
ILS Passau,Freyung-Grafenau,Neureichenau,Lackerau - Neureichenau,48.76040, 13.73726,Passau / Haidmühle,Unterer Wald
ILS Passau,Freyung-Grafenau,Neureichenau,Langbruck - Neureichenau,48.72926, 13.76416,Passau / Haidmühle,Unterer Wald
ILS Passau,Freyung-Grafenau,Neureichenau,Loiblau - Neureichenau,48.73879, 13.71893,Passau / Haidmühle,Unterer Wald
ILS Passau,Freyung-Grafenau,Neureichenau,Neureichenau - Neureichenau,48.74778, 13.74770,Passau / Haidmühle,Unterer Wald
ILS Passau,Freyung-Grafenau,Neureichenau,Pleckenstein - Neureichenau,48.76054, 13.79275,Passau / Haidmühle,Unterer Wald
ILS Passau,Freyung-Grafenau,Neureichenau,Pleckenstein - Neureichenau,48.76055, 13.79281,Passau / Haidmühle,Unterer Wald
ILS Passau,Freyung-Grafenau,Neureichenau,Riedelsbach - Neureichenau,48.75350, 13.80037,Passau / Haidmühle,Unterer Wald
ILS Passau,Freyung-Grafenau,Neureichenau,Röhrndlberg - Neureichenau,48.76999, 13.71807,Passau / Haidmühle,Unterer Wald
ILS Passau,Freyung-Grafenau,Neureichenau,Rosenberger Gut - Neureichenau,48.75175, 13.81661,Passau / Haidmühle,Unterer Wald
ILS Passau,Freyung-Grafenau,Neureichenau,Schimmelbach - Neureichenau,48.75879, 13.77687,Passau / Haidmühle,Unterer Wald
ILS Passau,Freyung-Grafenau,Neureichenau,Spillerhäuser - Neureichenau,48.74126, 13.77191,Passau / Haidmühle,Unterer Wald
ILS Passau,Freyung-Grafenau,Neureichenau,Spitzenberg - Neureichenau,48.74579, 13.72970,Passau / Haidmühle,Unterer Wald
ILS Passau,Freyung-Grafenau,Neureichenau,Stubenberg - Neureichenau,48.75628, 13.72458,Passau / Haidmühle,Unterer Wald
ILS Passau,Freyung-Grafenau,Neuschönau,Altschönau - Neuschönau,48.90633, 13.46477,Passau / Haidmühle,Unterer Wald
ILS Passau,Freyung-Grafenau,Neuschönau,Forstwald - Neuschönau,48.88534, 13.46401,Passau / Haidmühle,Unterer Wald
ILS Passau,Freyung-Grafenau,Neuschönau,Grünbach - Neuschönau,48.87154, 13.48529,Passau / Haidmühle,Unterer Wald
ILS Passau,Freyung-Grafenau,Neuschönau,Katzberg - Neuschönau,48.87808, 13.48666,Passau / Haidmühle,Unterer Wald
ILS Passau,Freyung-Grafenau,Neuschönau,Neuschönau - Neuschönau,48.88419, 13.47802,Passau / Haidmühle,Unterer Wald
ILS Passau,Freyung-Grafenau,Neuschönau,Schönanger - Neuschönau,48.87020, 13.45823,Passau / Haidmühle,Unterer Wald
ILS Passau,Freyung-Grafenau,Neuschönau,Waldhäuser - Neuschönau,48.92783, 13.46143,Passau / Haidmühle,Unterer Wald
ILS Passau,Freyung-Grafenau,Perlesreut,Biberbach - Perlesreut,48.79560418072425, 13.412102956780403,Wolfstein,Nationalpark
ILS Passau,Freyung-Grafenau,Perlesreut,Bibereck - Perlesreut,48.80414110345378, 13.420857687219092,Wolfstein,Nationalpark
ILS Passau,Freyung-Grafenau,Perlesreut,Eisenbernreut - Perlesreut,48.76019720050149, 13.45355918004497,Wolfstein,Nationalpark
ILS Passau,Freyung-Grafenau,Perlesreut,Ellersdorf - Perlesreut,48.77418226771239, 13.408969203843913,Wolfstein,Nationalpark
ILS Passau,Freyung-Grafenau,Perlesreut,Empertsreut - Perlesreut,48.7910851540013, 13.471796611403734,Wolfstein,Nationalpark
ILS Passau,Freyung-Grafenau,Perlesreut,Göschlmühle - Perlesreut,48.792337535845576, 13.466874178844327,Wolfstein,Nationalpark
ILS Passau,Freyung-Grafenau,Perlesreut,Hammermühle - Perlesreut,48.78212, 13.45742,Wolfstein,Nationalpark
ILS Passau,Freyung-Grafenau,Perlesreut,Hangalzesberg - Perlesreut,48.76337488372825, 13.427881935676611,Wolfstein,Nationalpark
ILS Passau,Freyung-Grafenau,Perlesreut,Hatzerreut - Perlesreut,48.75284237373681, 13.46011024987896,Wolfstein,Nationalpark
ILS Passau,Freyung-Grafenau,Perlesreut,Heiblmühle - Perlesreut,48.759042716424645, 13.470022839743994,Wolfstein,Nationalpark
ILS Passau,Freyung-Grafenau,Perlesreut,Hirtreut - Perlesreut,48.76053833134928, 13.433063136323387,Wolfstein,Nationalpark
ILS Passau,Freyung-Grafenau,Perlesreut,Hötzerreut - Perlesreut,48.78494926130727, 13.410817468933855,Wolfstein,Nationalpark
ILS Passau,Freyung-Grafenau,Perlesreut,Kirchberg - Perlesreut,48.77229, 13.41795,Wolfstein,Nationalpark
ILS Passau,Freyung-Grafenau,Perlesreut,Kirchleiten - Perlesreut,48.77780, 13.41495,Wolfstein,Nationalpark
ILS Passau,Freyung-Grafenau,Perlesreut,Kumpfmühle - Perlesreut,48.79195314680945, 13.399564087225713,Wolfstein,Nationalpark
ILS Passau,Freyung-Grafenau,Perlesreut,Lindberg - Perlesreut,48.78698839376691, 13.432221173334476,Wolfstein,Nationalpark
ILS Passau,Freyung-Grafenau,Perlesreut,Marchetsreut - Perlesreut,48.77706309210422, 13.470647420756316,Wolfstein,Nationalpark
ILS Passau,Freyung-Grafenau,Perlesreut,Maresberg - Perlesreut,48.77030265742777, 13.457939647500547,Wolfstein,Nationalpark
ILS Passau,Freyung-Grafenau,Perlesreut,Marktberg - Perlesreut,48.77799545737456, 13.482181863170277,Wolfstein,Nationalpark
ILS Passau,Freyung-Grafenau,Perlesreut,Messerschmidmühle - Perlesreut,48.77508871223745, 13.465699632044126,Wolfstein,Nationalpark
ILS Passau,Freyung-Grafenau,Perlesreut,Nebling - Perlesreut,48.753710322769244, 13.52829520600791,Wolfstein,Nationalpark
ILS Passau,Freyung-Grafenau,Perlesreut,Niederperlesreut - Perlesreut,48.772351241504374, 13.446030521185817,Wolfstein,Nationalpark
ILS Passau,Freyung-Grafenau,Perlesreut,Oberanschiessing - Perlesreut,48.76521890841279, 13.411223491616093,Wolfstein,Nationalpark
ILS Passau,Freyung-Grafenau,Perlesreut,Perlesreut - Perlesreut,48.77936065713324, 13.441092571936323,Wolfstein,Nationalpark
ILS Passau,Freyung-Grafenau,Perlesreut,Prombach - Perlesreut,48.76652011576453, 13.480059704378759,Wolfstein,Nationalpark
ILS Passau,Freyung-Grafenau,Perlesreut,Rentpoldenreuth - Perlesreut,48.812896601376885, 13.429335495610374,Wolfstein,Nationalpark
ILS Passau,Freyung-Grafenau,Perlesreut,Rodlhof - Perlesreut,48.761424649726365, 13.466345421554198,Wolfstein,Nationalpark
ILS Passau,Freyung-Grafenau,Perlesreut,Scharrmühle - Perlesreut,48.800203969287104, 13.422928265737168,Wolfstein,Nationalpark
ILS Passau,Freyung-Grafenau,Perlesreut,Unteranschiessing - Perlesreut,48.76220764230843, 13.407779811771734,Wolfstein,Nationalpark
ILS Passau,Freyung-Grafenau,Perlesreut,Waldenreut - Perlesreut,48.77506198691538, 13.429162105946347,Wolfstein,Nationalpark
ILS Passau,Freyung-Grafenau,Perlesreut,Wartberg - Perlesreut,48.78089, 13.45221,Wolfstein,Nationalpark
ILS Passau,Freyung-Grafenau,Philippsreut,Alpe - Philippsreut,48.88488743645497, 13.643561917154877,Wolfstein,Nationalpark
ILS Passau,Freyung-Grafenau,Philippsreut,Hinterfirmiansreut - Philippsreut,48.904496998659184, 13.637161515679916,Wolfstein,Nationalpark
ILS Passau,Freyung-Grafenau,Philippsreut,Marchhäuser - Philippsreut,48.8772309601888, 13.6985671615679,Wolfstein,Nationalpark
ILS Passau,Freyung-Grafenau,Philippsreut,Mitterfirmiansreut - Philippsreut,48.893086053576184, 13.649680936938228,Wolfstein,Nationalpark
ILS Passau,Freyung-Grafenau,Philippsreut,Philippsreut - Philippsreut,48.86487852139661, 13.675814974638564,Wolfstein,Nationalpark
ILS Passau,Freyung-Grafenau,Philippsreut,Vorderfirmiansreut - Philippsreut,48.87739130571843, 13.66482150054564,Wolfstein,Nationalpark
ILS Passau,Freyung-Grafenau,Ringelai,Eckertsreut - Ringelai,48.81052523957386, 13.457787777141348,Wolfstein,Nationalpark
ILS Passau,Freyung-Grafenau,Ringelai,Kringing - Ringelai,48.81752079621342, 13.442232684883395,Wolfstein,Nationalpark
ILS Passau,Freyung-Grafenau,Ringelai,Kühbach - Ringelai,48.79852781717612, 13.464119510741904,Wolfstein,Nationalpark
ILS Passau,Freyung-Grafenau,Ringelai,Lichtenau - Ringelai,48.812575400714906, 13.446438388536901,Wolfstein,Nationalpark
ILS Passau,Freyung-Grafenau,Ringelai,Neidberg - Ringelai,48.816503497549846, 13.46145875938759,Wolfstein,Nationalpark
ILS Passau,Freyung-Grafenau,Ringelai,Poxreut - Ringelai,48.79396702680821, 13.442749123740029,Wolfstein,Nationalpark
ILS Passau,Freyung-Grafenau,Ringelai,Ringelai - Ringelai,48.81262580308916, 13.471268630845682,Wolfstein,Nationalpark
ILS Passau,Freyung-Grafenau,Ringelai,Waldbrunn - Ringelai,48.78775521204262, 13.444850623649993,Wolfstein,Nationalpark
ILS Passau,Freyung-Grafenau,Ringelai,Wamberg - Ringelai,48.80319366786776, 13.439951899924141,Wolfstein,Nationalpark
ILS Passau,Freyung-Grafenau,Ringelai,Wasching - Ringelai,48.82408901120016, 13.472277814994401,Wolfstein,Nationalpark
ILS Passau,Freyung-Grafenau,Ringelai,Wittersitt - Ringelai,48.78528786595138, 13.456101119767734,Wolfstein,Nationalpark
ILS Passau,Freyung-Grafenau,Ringelai,Wolfersreut - Ringelai,48.82124305509863, 13.482877675520486,Wolfstein,Nationalpark
ILS Passau,Freyung-Grafenau,Röhrnbach,Altreut - Röhrnbach,48.74092, 13.47206,Hauzenberg / Waldkirchen,Unterer Wald
ILS Passau,Freyung-Grafenau,Röhrnbach,Alzesberg - Röhrnbach,48.75555, 13.48061,Hauzenberg / Waldkirchen,Unterer Wald
ILS Passau,Freyung-Grafenau,Röhrnbach,Auggenthal - Röhrnbach,48.77146, 13.50019,Hauzenberg / Waldkirchen,Unterer Wald
ILS Passau,Freyung-Grafenau,Röhrnbach,Außernbrünst - Röhrnbach,48.71811, 13.53595,Hauzenberg / Waldkirchen,Unterer Wald
ILS Passau,Freyung-Grafenau,Röhrnbach,Bruckmühle - Röhrnbach,48.72862, 13.52318,Hauzenberg / Waldkirchen,Unterer Wald
ILS Passau,Freyung-Grafenau,Röhrnbach,Deching - Röhrnbach,48.72050, 13.54113,Hauzenberg / Waldkirchen,Unterer Wald
ILS Passau,Freyung-Grafenau,Röhrnbach,Ernsting - Röhrnbach,48.72895, 13.54849,Hauzenberg / Waldkirchen,Unterer Wald
ILS Passau,Freyung-Grafenau,Röhrnbach,Garham - Röhrnbach,48.78744, 13.50534,Hauzenberg / Waldkirchen,Unterer Wald
ILS Passau,Freyung-Grafenau,Röhrnbach,Goggersreut - Röhrnbach,48.75894, 13.51050,Hauzenberg / Waldkirchen,Unterer Wald
ILS Passau,Freyung-Grafenau,Röhrnbach,Göttlmühle - Röhrnbach,48.74083, 13.53201,Hauzenberg / Waldkirchen,Unterer Wald
ILS Passau,Freyung-Grafenau,Röhrnbach,Großwiesen - Röhrnbach,48.77338, 13.53297,Hauzenberg / Waldkirchen,Unterer Wald
ILS Passau,Freyung-Grafenau,Röhrnbach,Grubhaus - Röhrnbach,48.75416, 13.49047,Hauzenberg / Waldkirchen,Unterer Wald
ILS Passau,Freyung-Grafenau,Röhrnbach,Haberlmühle - Röhrnbach,48.71309, 13.54477,Hauzenberg / Waldkirchen,Unterer Wald
ILS Passau,Freyung-Grafenau,Röhrnbach,Harsdorf - Röhrnbach,48.76932, 13.54714,Hauzenberg / Waldkirchen,Unterer Wald
ILS Passau,Freyung-Grafenau,Röhrnbach,Höbersberg - Röhrnbach,48.73799, 13.50567,Hauzenberg / Waldkirchen,Unterer Wald
ILS Passau,Freyung-Grafenau,Röhrnbach,Holzhof - Röhrnbach,48.72063, 13.47666,Hauzenberg / Waldkirchen,Unterer Wald
ILS Passau,Freyung-Grafenau,Röhrnbach,Holzmühle - Röhrnbach,48.76342, 13.53395,Hauzenberg / Waldkirchen,Unterer Wald
ILS Passau,Freyung-Grafenau,Röhrnbach,Irlesberg - Röhrnbach,48.72427, 13.53069,Hauzenberg / Waldkirchen,Unterer Wald
ILS Passau,Freyung-Grafenau,Röhrnbach,Kaltenstein - Röhrnbach,48.73218, 13.53526,Hauzenberg / Waldkirchen,Unterer Wald
ILS Passau,Freyung-Grafenau,Röhrnbach,Kleinwiesen - Röhrnbach,48.77999, 13.53069,Hauzenberg / Waldkirchen,Unterer Wald
ILS Passau,Freyung-Grafenau,Röhrnbach,Kollberg - Röhrnbach,48.74891, 13.54065,Hauzenberg / Waldkirchen,Unterer Wald
ILS Passau,Freyung-Grafenau,Röhrnbach,Kumreut - Röhrnbach,48.77573, 13.51214,Hauzenberg / Waldkirchen,Unterer Wald
ILS Passau,Freyung-Grafenau,Röhrnbach,Lanzesberg - Röhrnbach,48.76531, 13.49936,Hauzenberg / Waldkirchen,Unterer Wald
ILS Passau,Freyung-Grafenau,Röhrnbach,Leopiermühle - Röhrnbach,48.72037, 13.49177,Hauzenberg / Waldkirchen,Unterer Wald
ILS Passau,Freyung-Grafenau,Röhrnbach,Lobenstein - Röhrnbach,48.76767, 13.52727,Hauzenberg / Waldkirchen,Unterer Wald
ILS Passau,Freyung-Grafenau,Röhrnbach,Nebling - Röhrnbach,48.75368, 13.52845,Hauzenberg / Waldkirchen,Unterer Wald
ILS Passau,Freyung-Grafenau,Röhrnbach,Oberndorf - Röhrnbach,48.75003, 13.52130,Hauzenberg / Waldkirchen,Unterer Wald
ILS Passau,Freyung-Grafenau,Röhrnbach,Oberstrahbergmühle - Röhrnbach,48.74899, 13.50678,Hauzenberg / Waldkirchen,Unterer Wald
ILS Passau,Freyung-Grafenau,Röhrnbach,Ödhof - Röhrnbach,48.76652, 13.50851,Hauzenberg / Waldkirchen,Unterer Wald
ILS Passau,Freyung-Grafenau,Röhrnbach,Ödmühle - Röhrnbach,48.76492, 13.50464,Hauzenberg / Waldkirchen,Unterer Wald
ILS Passau,Freyung-Grafenau,Röhrnbach,Paulusmühle - Röhrnbach,48.74526, 13.53056,Hauzenberg / Waldkirchen,Unterer Wald
ILS Passau,Freyung-Grafenau,Röhrnbach,Pötzerreut - Röhrnbach,48.73204, 13.51384,Hauzenberg / Waldkirchen,Unterer Wald
ILS Passau,Freyung-Grafenau,Röhrnbach,Praßreut - Röhrnbach,48.75322, 13.49939,Hauzenberg / Waldkirchen,Unterer Wald
ILS Passau,Freyung-Grafenau,Röhrnbach,Rappmannsberg - Röhrnbach,48.76796, 13.53578,Hauzenberg / Waldkirchen,Unterer Wald
ILS Passau,Freyung-Grafenau,Röhrnbach,Reisersberg-Röhrnbach,48.77994, 13.49557,Hauzenberg / Waldkirchen,Unterer Wald
ILS Passau,Freyung-Grafenau,Röhrnbach,Röhrnbach - Röhrnbach,48.74005, 13.52320,Hauzenberg / Waldkirchen,Unterer Wald
ILS Passau,Freyung-Grafenau,Röhrnbach,Rumpenstadl - Röhrnbach,48.76024, 13.54074,Hauzenberg / Waldkirchen,Unterer Wald
ILS Passau,Freyung-Grafenau,Röhrnbach,Saußmühle - Röhrnbach,48.74924, 13.53551,Hauzenberg / Waldkirchen,Unterer Wald
ILS Passau,Freyung-Grafenau,Röhrnbach,Steinerleinbach - Röhrnbach,48.73640, 13.54125,Hauzenberg / Waldkirchen,Unterer Wald
ILS Passau,Freyung-Grafenau,Röhrnbach,Stelzerreut - Röhrnbach,48.76985, 13.51671,Hauzenberg / Waldkirchen,Unterer Wald
ILS Passau,Freyung-Grafenau,Röhrnbach,Ulrichsreut - Röhrnbach,48.73802, 13.49861,Hauzenberg / Waldkirchen,Unterer Wald
ILS Passau,Freyung-Grafenau,Röhrnbach,Unterstrahbergmühle - Röhrnbach,48.74714, 13.50885,Hauzenberg / Waldkirchen,Unterer Wald
ILS Passau,Freyung-Grafenau,Röhrnbach,Voggenberg - Röhrnbach,48.75698, 13.55440,Hauzenberg / Waldkirchen,Unterer Wald
ILS Passau,Freyung-Grafenau,Röhrnbach,Wilhelmsreut - Röhrnbach,48.73045, 13.48887,Hauzenberg / Waldkirchen,Unterer Wald
ILS Passau,Freyung-Grafenau,Saldenburg,Altreuth - Saldenburg,48.76653, 13.33434,Grafenau,Nationalpark
ILS Passau,Freyung-Grafenau,Saldenburg,Auggenthal - Saldenburg,48.76458, 13.37364,Grafenau,Nationalpark
ILS Passau,Freyung-Grafenau,Saldenburg,Bruckwiesreuth - Saldenburg,48.76409, 13.34625,Grafenau,Nationalpark
ILS Passau,Freyung-Grafenau,Saldenburg,Dießenstein - Saldenburg,48.76641, 13.39877,Grafenau,Nationalpark
ILS Passau,Freyung-Grafenau,Saldenburg,Ebersdorf - Saldenburg,48.76513, 13.38608,Grafenau,Nationalpark
ILS Passau,Freyung-Grafenau,Saldenburg,Entschenreuth - Saldenburg,48.78324, 13.31757,Grafenau,Nationalpark
ILS Passau,Freyung-Grafenau,Saldenburg,Furthsäge - Saldenburg,48.79080, 13.38946,Grafenau,Nationalpark
ILS Passau,Freyung-Grafenau,Saldenburg,Goben - Saldenburg,48.75437, 13.33959,Grafenau,Nationalpark
ILS Passau,Freyung-Grafenau,Saldenburg,Haberlmühle - Saldenburg,48.77818, 13.32171,Grafenau,Nationalpark
ILS Passau,Freyung-Grafenau,Saldenburg,Hals - Saldenburg,48.79788, 13.33963,Grafenau,Nationalpark
ILS Passau,Freyung-Grafenau,Saldenburg,Haufang - Saldenburg,48.78187, 13.33257,Grafenau,Nationalpark
ILS Passau,Freyung-Grafenau,Saldenburg,Haunleiten - Saldenburg,48.75724, 13.34654,Grafenau,Nationalpark
ILS Passau,Freyung-Grafenau,Saldenburg,Hirschreuth - Saldenburg,48.76343, 13.33703,Grafenau,Nationalpark
ILS Passau,Freyung-Grafenau,Saldenburg,Hundsruck - Saldenburg,48.77736, 13.34045,Grafenau,Nationalpark
ILS Passau,Freyung-Grafenau,Saldenburg,Lanzenreuth - Saldenburg,48.75916, 13.34620,Grafenau,Nationalpark
ILS Passau,Freyung-Grafenau,Saldenburg,Lembach - Saldenburg,48.77265, 13.39312,Grafenau,Nationalpark
ILS Passau,Freyung-Grafenau,Saldenburg,Matzersdorf - Saldenburg,48.75948, 13.37707,Grafenau,Nationalpark
ILS Passau,Freyung-Grafenau,Saldenburg,Oberöd - Saldenburg,48.77674, 13.32529,Grafenau,Nationalpark
ILS Passau,Freyung-Grafenau,Saldenburg,Ohmühle - Saldenburg,48.78447, 13.40001,Grafenau,Nationalpark
ILS Passau,Freyung-Grafenau,Saldenburg,Platten - Saldenburg,48.77914, 13.34885,Grafenau,Nationalpark
ILS Passau,Freyung-Grafenau,Saldenburg,Preying - Saldenburg,48.76493, 13.38136,Grafenau,Nationalpark
ILS Passau,Freyung-Grafenau,Saldenburg,Rettenbach - Saldenburg,48.78154, 13.38944,Grafenau,Nationalpark
ILS Passau,Freyung-Grafenau,Saldenburg,Saldenburg - Saldenburg,48.77380, 13.35266,Grafenau,Nationalpark
ILS Passau,Freyung-Grafenau,Saldenburg,Senging - Saldenburg,48.78481, 13.34309,Grafenau,Nationalpark
ILS Passau,Freyung-Grafenau,Saldenburg,Söldenreuth - Saldenburg,48.76786, 13.34172,Grafenau,Nationalpark
ILS Passau,Freyung-Grafenau,Saldenburg,Spitzingerreuth - Saldenburg,48.77206, 13.37159,Grafenau,Nationalpark
ILS Passau,Freyung-Grafenau,Saldenburg,Stadl - Saldenburg,48.75979, 13.38269,Grafenau,Nationalpark
ILS Passau,Freyung-Grafenau,Saldenburg,Trautmannsdorf - Saldenburg,48.75707, 13.38436,Grafenau,Nationalpark
ILS Passau,Freyung-Grafenau,Saldenburg,Unteröd - Saldenburg,48.75714, 13.35429,Grafenau,Nationalpark
ILS Passau,Freyung-Grafenau,Sankt Oswald-Riedlhütte,Aufschlägersäge - Sankt Oswald-Riedlhütte,,,Grafenau,Nationalpark
ILS Passau,Freyung-Grafenau,Sankt Oswald-Riedlhütte,Draxlschlag - Sankt Oswald-Riedlhütte,48.89082, 13.42841,Grafenau,Nationalpark
ILS Passau,Freyung-Grafenau,Sankt Oswald-Riedlhütte,Graupsäge - Sankt Oswald-Riedlhütte,48.92343, 13.44361,Grafenau,Nationalpark
ILS Passau,Freyung-Grafenau,Sankt Oswald-Riedlhütte,Guglöd - Sankt Oswald-Riedlhütte,48.92749, 13.43002,Grafenau,Nationalpark
ILS Passau,Freyung-Grafenau,Sankt Oswald-Riedlhütte,Haslach - Sankt Oswald-Riedlhütte,48.88166, 13.44874,Grafenau,Nationalpark
ILS Passau,Freyung-Grafenau,Sankt Oswald-Riedlhütte,Höhenbrunn - Sankt Oswald-Riedlhütte,48.89607, 13.40933,Grafenau,Nationalpark
ILS Passau,Freyung-Grafenau,Sankt Oswald-Riedlhütte,Pronfelden - Sankt Oswald-Riedlhütte,48.90669, 13.37209,Grafenau,Nationalpark
ILS Passau,Freyung-Grafenau,Sankt Oswald-Riedlhütte,Reichenberg - Sankt Oswald-Riedlhütte,48.90039, 13.38720,Grafenau,Nationalpark
ILS Passau,Freyung-Grafenau,Sankt Oswald-Riedlhütte,Riedlhütte - Sankt Oswald-Riedlhütte,48.90788, 13.38454,Grafenau,Nationalpark
ILS Passau,Freyung-Grafenau,Sankt Oswald-Riedlhütte,Sankt Oswald - Sankt Oswald-Riedlhütte,48.89332, 13.42831,Grafenau,Nationalpark
ILS Passau,Freyung-Grafenau,Sankt Oswald-Riedlhütte,Siebenellen - Sankt Oswald-Riedlhütte,48.90208, 13.42928,Grafenau,Nationalpark
ILS Passau,Freyung-Grafenau,Schöfweg,Allhartsmais - Schöfweg,48.85617, 13.20399,Grafenau,Nationalpark
ILS Passau,Freyung-Grafenau,Schöfweg,Dalken - Schöfweg,,,Grafenau,Nationalpark
ILS Passau,Freyung-Grafenau,Schöfweg,Freundorf - Schöfweg,48.85050, 13.22967,Grafenau,Nationalpark
ILS Passau,Freyung-Grafenau,Schöfweg,Handschuh - Schöfweg,48.84945, 13.21906,Grafenau,Nationalpark
ILS Passau,Freyung-Grafenau,Schöfweg,Haunstein - Schöfweg,48.82575, 13.24857,Grafenau,Nationalpark
ILS Passau,Freyung-Grafenau,Schöfweg,Haus - Schöfweg,48.84108, 13.20533,Grafenau,Nationalpark
ILS Passau,Freyung-Grafenau,Schöfweg,Kniereit - Schöfweg,48.83374, 13.24320,Grafenau,Nationalpark
ILS Passau,Freyung-Grafenau,Schöfweg,Langfurth - Schöfweg,48.82709, 13.20356,Grafenau,Nationalpark
ILS Passau,Freyung-Grafenau,Schöfweg,Mitterdorf - Schöfweg,48.83602, 13.20964,Grafenau,Nationalpark
ILS Passau,Freyung-Grafenau,Schöfweg,Mutzenwinkel - Schöfweg,48.84291, 13.24262,Grafenau,Nationalpark
ILS Passau,Freyung-Grafenau,Schöfweg,Reinermühle - Schöfweg,48.83342, 13.23954,Grafenau,Nationalpark
ILS Passau,Freyung-Grafenau,Schöfweg,Scheibenberg - Schöfweg,48.83490, 13.23594,Grafenau,Nationalpark
ILS Passau,Freyung-Grafenau,Schöfweg,Schöfweg - Schöfweg,48.83942, 13.22834,Grafenau,Nationalpark
ILS Passau,Freyung-Grafenau,Schöfweg,Sonnenwald - Schöfweg,48.82397, 13.22337,Grafenau,Nationalpark
ILS Passau,Freyung-Grafenau,Schöfweg,Sonnenwald - Schöfweg,48.82039, 13.19188,Grafenau,Nationalpark
ILS Passau,Freyung-Grafenau,Schöfweg,Steinberg - Schöfweg,48.81922, 13.18703,Grafenau,Nationalpark
ILS Passau,Freyung-Grafenau,Schönberg Niederbay,Almosenreuth - Schönberg Niederbay,48.86074, 13.31346,Grafenau,Nationalpark
ILS Passau,Freyung-Grafenau,Schönberg Niederbay,Artmannsreuth - Schönberg Niederbay,48.81668, 13.31297,Grafenau,Nationalpark
ILS Passau,Freyung-Grafenau,Schönberg Niederbay,Eberhardsreuth - Schönberg Niederbay,48.81544, 13.35892,Grafenau,Nationalpark
ILS Passau,Freyung-Grafenau,Schönberg Niederbay,Frohnreuth - Schönberg Niederbay,48.83481, 13.33096,Grafenau,Nationalpark
ILS Passau,Freyung-Grafenau,Schönberg Niederbay,Gerlesreuth - Schönberg Niederbay,48.83443, 13.30634,Grafenau,Nationalpark
ILS Passau,Freyung-Grafenau,Schönberg Niederbay,Grubmühle - Schönberg Niederbay,48.83853, 13.35227,Grafenau,Nationalpark
ILS Passau,Freyung-Grafenau,Schönberg Niederbay,Gumpenreit - Schönberg Niederbay,48.80475, 13.35605,Grafenau,Nationalpark
ILS Passau,Freyung-Grafenau,Schönberg Niederbay,Habernberg - Schönberg Niederbay,48.87328, 13.32907,Grafenau,Nationalpark
ILS Passau,Freyung-Grafenau,Schönberg Niederbay,Haibach - Schönberg Niederbay,48.81332, 13.34247,Grafenau,Nationalpark
ILS Passau,Freyung-Grafenau,Schönberg Niederbay,Haibachmühle - Schönberg Niederbay,48.80827, 13.34604,Grafenau,Nationalpark
ILS Passau,Freyung-Grafenau,Schönberg Niederbay,Hartmannsreit - Schönberg Niederbay,48.86602, 13.34673,Grafenau,Nationalpark
ILS Passau,Freyung-Grafenau,Schönberg Niederbay,Hof - Schönberg Niederbay,48.85146, 13.34943,Grafenau,Nationalpark
ILS Passau,Freyung-Grafenau,Schönberg Niederbay,Kasberg - Schönberg Niederbay,48.87332, 13.32677,Grafenau,Nationalpark
ILS Passau,Freyung-Grafenau,Schönberg Niederbay,Kirchberg - Schönberg Niederbay,48.82370, 13.33041,Grafenau,Nationalpark
ILS Passau,Freyung-Grafenau,Schönberg Niederbay,Klebstein - Schönberg Niederbay,48.84530, 13.34697,Grafenau,Nationalpark
ILS Passau,Freyung-Grafenau,Schönberg Niederbay,Kleinmisselberg - Schönberg Niederbay,48.86762, 13.31236,Grafenau,Nationalpark
ILS Passau,Freyung-Grafenau,Schönberg Niederbay,Lederhof - Schönberg Niederbay,48.86249, 13.34353,Grafenau,Nationalpark
ILS Passau,Freyung-Grafenau,Schönberg Niederbay,Lettlmühle - Schönberg Niederbay,48.83346, 13.31500,Grafenau,Nationalpark
ILS Passau,Freyung-Grafenau,Schönberg Niederbay,Lueg - Schönberg Niederbay,48.83024, 13.31071,Grafenau,Nationalpark
ILS Passau,Freyung-Grafenau,Schönberg Niederbay,Maukenreuth - Schönberg Niederbay,48.82375, 13.34208,Grafenau,Nationalpark
ILS Passau,Freyung-Grafenau,Schönberg Niederbay,Mitternach - Schönberg Niederbay,48.82953, 13.34750,Grafenau,Nationalpark
ILS Passau,Freyung-Grafenau,Schönberg Niederbay,Ochsenberg - Schönberg Niederbay,48.81697, 13.33885,Grafenau,Nationalpark
ILS Passau,Freyung-Grafenau,Schönberg Niederbay,Oedhäuser - Schönberg Niederbay,48.80274, 13.36161,Grafenau,Nationalpark
ILS Passau,Freyung-Grafenau,Schönberg Niederbay,Oedhof - Schönberg Niederbay,48.84770, 13.31215,Grafenau,Nationalpark
ILS Passau,Freyung-Grafenau,Schönberg Niederbay,Panhof - Schönberg Niederbay,48.82957, 13.31870,Grafenau,Nationalpark
ILS Passau,Freyung-Grafenau,Schönberg Niederbay,Pittrichsberg - Schönberg Niederbay,48.85361, 13.34608,Grafenau,Nationalpark
ILS Passau,Freyung-Grafenau,Schönberg Niederbay,Pummerhof - Schönberg Niederbay,48.85568, 13.31535,Grafenau,Nationalpark
ILS Passau,Freyung-Grafenau,Schönberg Niederbay,Raben - Schönberg Niederbay,48.85938, 13.33643,Grafenau,Nationalpark
ILS Passau,Freyung-Grafenau,Schönberg Niederbay,Rammelsberg - Schönberg Niederbay,48.83808, 13.32669,Grafenau,Nationalpark
ILS Passau,Freyung-Grafenau,Schönberg Niederbay,Rötz - Schönberg Niederbay,48.86755, 13.33701,Grafenau,Nationalpark
ILS Passau,Freyung-Grafenau,Schönberg Niederbay,Saunstein - Schönberg Niederbay,48.85324, 13.32431,Grafenau,Nationalpark
ILS Passau,Freyung-Grafenau,Schönberg Niederbay,Schabenberg - Schönberg Niederbay,48.81167, 13.32271,Grafenau,Nationalpark
ILS Passau,Freyung-Grafenau,Schönberg Niederbay,Schönberg - Schönberg Niederbay,48.84046, 13.33684,Grafenau,Nationalpark
ILS Passau,Freyung-Grafenau,Schönberg Niederbay,Schreinerhof - Schönberg Niederbay,48.83785, 13.35065,Grafenau,Nationalpark
ILS Passau,Freyung-Grafenau,Schönberg Niederbay,Seifertsreuth - Schönberg Niederbay,48.84218, 13.32341,Grafenau,Nationalpark
ILS Passau,Freyung-Grafenau,Schönberg Niederbay,Stadl - Schönberg Niederbay,48.84791, 13.34983,Grafenau,Nationalpark
ILS Passau,Freyung-Grafenau,Schönberg Niederbay,Stadlmühle - Schönberg Niederbay,48.84884, 13.35506,Grafenau,Nationalpark
ILS Passau,Freyung-Grafenau,Schönberg Niederbay,Weberreuth - Schönberg Niederbay,48.86639, 13.33074,Grafenau,Nationalpark
ILS Passau,Freyung-Grafenau,Schönberg Niederbay,Zehrermühle - Schönberg Niederbay,48.84896, 13.30996,Grafenau,Nationalpark
ILS Passau,Freyung-Grafenau,Spiegelau,Althütte - Spiegelau,48.93912, 13.31574,Grafenau,Nationalpark
ILS Passau,Freyung-Grafenau,Spiegelau,Augrub - Spiegelau,48.87397, 13.33770,Grafenau,Nationalpark
ILS Passau,Freyung-Grafenau,Spiegelau,Beiwald - Spiegelau,48.91219, 13.33546,Grafenau,Nationalpark
ILS Passau,Freyung-Grafenau,Spiegelau,Flanitzhütte - Spiegelau,48.95755, 13.29931,Grafenau,Nationalpark
ILS Passau,Freyung-Grafenau,Spiegelau,Hauswald - Spiegelau,48.91580, 13.32575,Grafenau,Nationalpark
ILS Passau,Freyung-Grafenau,Spiegelau,Hirschthalmühle - Spiegelau,,,Grafenau,Nationalpark
ILS Passau,Freyung-Grafenau,Spiegelau,Hochreuth - Spiegelau,48.91260, 13.34565,Grafenau,Nationalpark
ILS Passau,Freyung-Grafenau,Spiegelau,Holzmühle - Spiegelau,48.90295, 13.33260,Grafenau,Nationalpark
ILS Passau,Freyung-Grafenau,Spiegelau,Jägerfleck - Spiegelau,48.92590, 13.36836,Grafenau,Nationalpark
ILS Passau,Freyung-Grafenau,Spiegelau,Kirchenberg - Spiegelau,48.89675, 13.34806,Grafenau,Nationalpark
ILS Passau,Freyung-Grafenau,Spiegelau,Klingenbrunn - Spiegelau,48.92226, 13.31897,Grafenau,Nationalpark
ILS Passau,Freyung-Grafenau,Spiegelau,Kronreuth - Spiegelau,48.92331, 13.30755,Grafenau,Nationalpark
ILS Passau,Freyung-Grafenau,Spiegelau,Langdorf - Spiegelau,48.90005, 13.35281,Grafenau,Nationalpark
ILS Passau,Freyung-Grafenau,Spiegelau,Luisenfels - Spiegelau,48.90909, 13.35809,Grafenau,Nationalpark
ILS Passau,Freyung-Grafenau,Spiegelau,Mühlberg - Spiegelau,48.90167, 13.33425,Grafenau,Nationalpark
ILS Passau,Freyung-Grafenau,Spiegelau,Neuhütte - Spiegelau,48.92750, 13.35897,Grafenau,Nationalpark
ILS Passau,Freyung-Grafenau,Spiegelau,Oberkreuzberg - Spiegelau,48.89409, 13.34458,Grafenau,Nationalpark
ILS Passau,Freyung-Grafenau,Spiegelau,Ochsenkopf - Spiegelau,48.92484, 13.30461,Grafenau,Nationalpark
ILS Passau,Freyung-Grafenau,Spiegelau,Palmberg - Spiegelau,48.90802, 13.34167,Grafenau,Nationalpark
ILS Passau,Freyung-Grafenau,Spiegelau,Pronfelden - Spiegelau,48.91206, 13.36787,Grafenau,Nationalpark
ILS Passau,Freyung-Grafenau,Spiegelau,Rehbruck - Spiegelau,48.87424, 13.35518,Grafenau,Nationalpark
ILS Passau,Freyung-Grafenau,Spiegelau,Reinhardschlag - Spiegelau,48.92116, 13.30655,Grafenau,Nationalpark
ILS Passau,Freyung-Grafenau,Spiegelau,Reuteck - Spiegelau,48.90714, 13.35081,Grafenau,Nationalpark
ILS Passau,Freyung-Grafenau,Spiegelau,Ringen - Spiegelau,48.88167, 13.33615,Grafenau,Nationalpark
ILS Passau,Freyung-Grafenau,Spiegelau,Sommerau - Spiegelau,48.91765, 13.31341,Grafenau,Nationalpark
ILS Passau,Freyung-Grafenau,Spiegelau,Spiegelau - Spiegelau,48.91497, 13.35734,Grafenau,Nationalpark
ILS Passau,Freyung-Grafenau,Spiegelau,Steinbüchl - Spiegelau,48.91201, 13.33760,Grafenau,Nationalpark
ILS Passau,Freyung-Grafenau,Spiegelau,Winkelhof - Spiegelau,48.88475, 13.32754,Grafenau,Nationalpark
ILS Passau,Freyung-Grafenau,Spiegelau,Winkelmühle - Spiegelau,48.88608, 13.32548,Grafenau,Nationalpark
ILS Passau,Freyung-Grafenau,Spiegelau,Winkelreuth - Spiegelau,48.88440, 13.33325,Grafenau,Nationalpark
ILS Passau,Freyung-Grafenau,Thurmansbang,Altfaltern - Thurmansbang,48.74434, 13.28997,Grafenau,Nationalpark
ILS Passau,Freyung-Grafenau,Thurmansbang,Ebenreuth - Thurmansbang,48.79994, 13.28158,Grafenau,Nationalpark
ILS Passau,Freyung-Grafenau,Thurmansbang,Edlau - Thurmansbang,48.75255, 13.26947,Grafenau,Nationalpark
ILS Passau,Freyung-Grafenau,Thurmansbang,Eggenreuth - Thurmansbang,48.75590, 13.32833,Grafenau,Nationalpark
ILS Passau,Freyung-Grafenau,Thurmansbang,Eizersdorf - Thurmansbang,48.78176, 13.28346,Grafenau,Nationalpark
ILS Passau,Freyung-Grafenau,Thurmansbang,Erlau - Thurmansbang,48.78518, 13.30610,Grafenau,Nationalpark
ILS Passau,Freyung-Grafenau,Thurmansbang,Gingharting - Thurmansbang,48.77234, 13.30341,Grafenau,Nationalpark
ILS Passau,Freyung-Grafenau,Thurmansbang,Gschwendt - Thurmansbang,48.74358, 13.31340,Grafenau,Nationalpark
ILS Passau,Freyung-Grafenau,Thurmansbang,Haidreuth - Thurmansbang,48.78796, 13.30092,Grafenau,Nationalpark
ILS Passau,Freyung-Grafenau,Thurmansbang,Haundorf - Thurmansbang,48.77991, 13.30713,Grafenau,Nationalpark
ILS Passau,Freyung-Grafenau,Thurmansbang,Kneisting - Thurmansbang,48.74579, 13.27164,Grafenau,Nationalpark
ILS Passau,Freyung-Grafenau,Thurmansbang,Köhlberg - Thurmansbang,48.80539, 13.31483,Grafenau,Nationalpark
ILS Passau,Freyung-Grafenau,Thurmansbang,Kritzenberg - Thurmansbang,48.74799, 13.30496,Grafenau,Nationalpark
ILS Passau,Freyung-Grafenau,Thurmansbang,Lindau - Thurmansbang,48.78071, 13.29715,Grafenau,Nationalpark
ILS Passau,Freyung-Grafenau,Thurmansbang,Lindberg - Thurmansbang,48.77018, 13.28391,Grafenau,Nationalpark
ILS Passau,Freyung-Grafenau,Thurmansbang,Loderhof - Thurmansbang,48.73905, 13.33810,Grafenau,Nationalpark
ILS Passau,Freyung-Grafenau,Thurmansbang,Loh - Thurmansbang,48.80191, 13.31333,Grafenau,Nationalpark
ILS Passau,Freyung-Grafenau,Thurmansbang,Lohaus - Thurmansbang,48.79819, 13.31139,Grafenau,Nationalpark
ILS Passau,Freyung-Grafenau,Thurmansbang,Mühlberg - Thurmansbang,48.74703, 13.26322,Grafenau,Nationalpark
ILS Passau,Freyung-Grafenau,Thurmansbang,Oisching - Thurmansbang,48.74311, 13.34809,Grafenau,Nationalpark
ILS Passau,Freyung-Grafenau,Thurmansbang,Rabenstein - Thurmansbang,48.74834, 13.32259,Grafenau,Nationalpark
ILS Passau,Freyung-Grafenau,Thurmansbang,Rettenbach - Thurmansbang,48.79326, 13.28981,Grafenau,Nationalpark
ILS Passau,Freyung-Grafenau,Thurmansbang,Roitham - Thurmansbang,48.76228, 13.28599,Grafenau,Nationalpark
ILS Passau,Freyung-Grafenau,Thurmansbang,Rottaumühle - Thurmansbang,48.74152, 13.35171,Grafenau,Nationalpark
ILS Passau,Freyung-Grafenau,Thurmansbang,Schadham - Thurmansbang,48.73606, 13.29084,Grafenau,Nationalpark
ILS Passau,Freyung-Grafenau,Thurmansbang,Scharten - Thurmansbang,48.80425, 13.29670,Grafenau,Nationalpark
ILS Passau,Freyung-Grafenau,Thurmansbang,Schlinding - Thurmansbang,48.75304, 13.27954,Grafenau,Nationalpark
ILS Passau,Freyung-Grafenau,Thurmansbang,Selinghof - Thurmansbang,48.73905, 13.28023,Grafenau,Nationalpark
ILS Passau,Freyung-Grafenau,Thurmansbang,Solla - Thurmansbang,48.81042, 13.29956,Grafenau,Nationalpark
ILS Passau,Freyung-Grafenau,Thurmansbang,Stieglreuth - Thurmansbang,48.78929, 13.29408,Grafenau,Nationalpark
ILS Passau,Freyung-Grafenau,Thurmansbang,Stockwiesreuth - Thurmansbang,48.78712, 13.29742,Grafenau,Nationalpark
ILS Passau,Freyung-Grafenau,Thurmansbang,Thannberg - Thurmansbang,48.74222, 13.27700,Grafenau,Nationalpark
ILS Passau,Freyung-Grafenau,Thurmansbang,Thurmansbang - Thurmansbang,48.76666, 13.31541,Grafenau,Nationalpark
ILS Passau,Freyung-Grafenau,Thurmansbang,Traxenberg - Thurmansbang,48.76310, 13.30032,Grafenau,Nationalpark
ILS Passau,Freyung-Grafenau,Thurmansbang,Wiesen - Thurmansbang,48.79128, 13.29730,Grafenau,Nationalpark
ILS Passau,Freyung-Grafenau,Waldkirchen Niederbay,Appmannsberg - Waldkirchen Niederbay,48.74890, 13.56482,Hauzenberg / Waldkirchen,Unterer Wald
ILS Passau,Freyung-Grafenau,Waldkirchen Niederbay,Atzesberg - Waldkirchen Niederbay,48.78410, 13.58144,Hauzenberg / Waldkirchen,Unterer Wald
ILS Passau,Freyung-Grafenau,Waldkirchen Niederbay,Auerbach - Waldkirchen Niederbay,48.75085, 13.62141,Hauzenberg / Waldkirchen,Unterer Wald
ILS Passau,Freyung-Grafenau,Waldkirchen Niederbay,Bernhardsberg - Waldkirchen Niederbay,48.70237, 13.56252,Hauzenberg / Waldkirchen,Unterer Wald
ILS Passau,Freyung-Grafenau,Waldkirchen Niederbay,Böhmzwiesel - Waldkirchen Niederbay,48.76343, 13.62990,Hauzenberg / Waldkirchen,Unterer Wald
ILS Passau,Freyung-Grafenau,Waldkirchen Niederbay,Breinhof - Waldkirchen Niederbay,48.69118, 13.57870,Hauzenberg / Waldkirchen,Unterer Wald
ILS Passau,Freyung-Grafenau,Waldkirchen Niederbay,Buchmühle - Waldkirchen Niederbay,48.76247, 13.64613,Hauzenberg / Waldkirchen,Unterer Wald
ILS Passau,Freyung-Grafenau,Waldkirchen Niederbay,Dickenbüchel - Waldkirchen Niederbay,48.69344, 13.66673,Hauzenberg / Waldkirchen,Unterer Wald
ILS Passau,Freyung-Grafenau,Waldkirchen Niederbay,Dorn - Waldkirchen Niederbay,48.71229, 13.63772,Hauzenberg / Waldkirchen,Unterer Wald
ILS Passau,Freyung-Grafenau,Waldkirchen Niederbay,Edelmühle - Waldkirchen Niederbay,48.75592, 13.61761,Hauzenberg / Waldkirchen,Unterer Wald
ILS Passau,Freyung-Grafenau,Waldkirchen Niederbay,Edwaidl - Waldkirchen Niederbay,48.70781, 13.58065,Hauzenberg / Waldkirchen,Unterer Wald
ILS Passau,Freyung-Grafenau,Waldkirchen Niederbay,Ensmannsreut - Waldkirchen Niederbay,48.76950, 13.61521,Hauzenberg / Waldkirchen,Unterer Wald
ILS Passau,Freyung-Grafenau,Waldkirchen Niederbay,Erlauzwiesel - Waldkirchen Niederbay,48.72232, 13.63613,Hauzenberg / Waldkirchen,Unterer Wald
ILS Passau,Freyung-Grafenau,Waldkirchen Niederbay,Frischeck - Waldkirchen Niederbay,48.72066, 13.62092,Hauzenberg / Waldkirchen,Unterer Wald
ILS Passau,Freyung-Grafenau,Waldkirchen Niederbay,Gaisberg - Waldkirchen Niederbay,48.69509, 13.58493,Hauzenberg / Waldkirchen,Unterer Wald
ILS Passau,Freyung-Grafenau,Waldkirchen Niederbay,Geiermühle - Waldkirchen Niederbay,48.72882, 13.59152,Hauzenberg / Waldkirchen,Unterer Wald
ILS Passau,Freyung-Grafenau,Waldkirchen Niederbay,Großwies - Waldkirchen Niederbay,48.76068, 13.59338,Hauzenberg / Waldkirchen,Unterer Wald
ILS Passau,Freyung-Grafenau,Waldkirchen Niederbay,Hauzenberg - Waldkirchen Niederbay,48.73766, 13.55527,Hauzenberg / Waldkirchen,Unterer Wald
ILS Passau,Freyung-Grafenau,Waldkirchen Niederbay,Hochreut - Waldkirchen Niederbay,48.76177, 13.59107,Hauzenberg / Waldkirchen,Unterer Wald
ILS Passau,Freyung-Grafenau,Waldkirchen Niederbay,Höhenberg - Waldkirchen Niederbay,48.75687, 13.61021,Hauzenberg / Waldkirchen,Unterer Wald
ILS Passau,Freyung-Grafenau,Waldkirchen Niederbay,Holzfreyung - Waldkirchen Niederbay,48.68705, 13.59962,Hauzenberg / Waldkirchen,Unterer Wald
ILS Passau,Freyung-Grafenau,Waldkirchen Niederbay,Höpplhof - Waldkirchen Niederbay,48.75815, 13.57154,Hauzenberg / Waldkirchen,Unterer Wald
ILS Passau,Freyung-Grafenau,Waldkirchen Niederbay,Kanau - Waldkirchen Niederbay,48.77236, 13.63011,Hauzenberg / Waldkirchen,Unterer Wald
ILS Passau,Freyung-Grafenau,Waldkirchen Niederbay,Karlsbach - Waldkirchen Niederbay,48.76572, 13.58413,Hauzenberg / Waldkirchen,Unterer Wald
ILS Passau,Freyung-Grafenau,Waldkirchen Niederbay,Karlsbachmühle - Waldkirchen Niederbay,48.76268, 13.57680,Hauzenberg / Waldkirchen,Unterer Wald
ILS Passau,Freyung-Grafenau,Waldkirchen Niederbay,Kühn - Waldkirchen Niederbay,48.71097, 13.55189,Hauzenberg / Waldkirchen,Unterer Wald
ILS Passau,Freyung-Grafenau,Waldkirchen Niederbay,Lämmersreut - Waldkirchen Niederbay,48.76524, 13.56775,Hauzenberg / Waldkirchen,Unterer Wald
ILS Passau,Freyung-Grafenau,Waldkirchen Niederbay,Manzing - Waldkirchen Niederbay,48.74243, 13.61581,Hauzenberg / Waldkirchen,Unterer Wald
ILS Passau,Freyung-Grafenau,Waldkirchen Niederbay,Mayersäge - Waldkirchen Niederbay,48.74983, 13.61530,Hauzenberg / Waldkirchen,Unterer Wald
ILS Passau,Freyung-Grafenau,Waldkirchen Niederbay,Mitterleinbach - Waldkirchen Niederbay,48.73045, 13.56339,Hauzenberg / Waldkirchen,Unterer Wald
ILS Passau,Freyung-Grafenau,Waldkirchen Niederbay,Neidlingerberg - Waldkirchen Niederbay,48.69492, 13.59972,Hauzenberg / Waldkirchen,Unterer Wald
ILS Passau,Freyung-Grafenau,Waldkirchen Niederbay,Oberfrauenwald - Waldkirchen Niederbay,48.68761, 13.65077,Hauzenberg / Waldkirchen,Unterer Wald
ILS Passau,Freyung-Grafenau,Waldkirchen Niederbay,Oberhöhenstetten - Waldkirchen Niederbay,48.71589, 13.56108,Hauzenberg / Waldkirchen,Unterer Wald
ILS Passau,Freyung-Grafenau,Waldkirchen Niederbay,Oberleinbach - Waldkirchen Niederbay,48.72914, 13.57168,Hauzenberg / Waldkirchen,Unterer Wald
ILS Passau,Freyung-Grafenau,Waldkirchen Niederbay,Oberndorf - Waldkirchen Niederbay,48.72970, 13.64098,Hauzenberg / Waldkirchen,Unterer Wald
ILS Passau,Freyung-Grafenau,Waldkirchen Niederbay,Ödhof - Waldkirchen Niederbay,48.70821, 13.58332,Hauzenberg / Waldkirchen,Unterer Wald
ILS Passau,Freyung-Grafenau,Waldkirchen Niederbay,Pfeffermühle - Waldkirchen Niederbay,48.73455, 13.59647,Hauzenberg / Waldkirchen,Unterer Wald
ILS Passau,Freyung-Grafenau,Waldkirchen Niederbay,Pilgramsberg - Waldkirchen Niederbay,48.76675, 13.64634,Hauzenberg / Waldkirchen,Unterer Wald
ILS Passau,Freyung-Grafenau,Waldkirchen Niederbay,Pollmannsdorf - Waldkirchen Niederbay,48.73602, 13.61451,Hauzenberg / Waldkirchen,Unterer Wald
ILS Passau,Freyung-Grafenau,Waldkirchen Niederbay,Raffelsberg - Waldkirchen Niederbay,48.75402, 13.58179,Hauzenberg / Waldkirchen,Unterer Wald
ILS Passau,Freyung-Grafenau,Waldkirchen Niederbay,Randlsäge - Waldkirchen Niederbay,48.69938, 13.58720,Hauzenberg / Waldkirchen,Unterer Wald
ILS Passau,Freyung-Grafenau,Waldkirchen Niederbay,Ratzing - Waldkirchen Niederbay,48.73130, 13.62848,Hauzenberg / Waldkirchen,Unterer Wald
ILS Passau,Freyung-Grafenau,Waldkirchen Niederbay,Reut - Waldkirchen Niederbay,48.76816, 13.59180,Hauzenberg / Waldkirchen,Unterer Wald
ILS Passau,Freyung-Grafenau,Waldkirchen Niederbay,Reutmühle - Waldkirchen Niederbay,48.71881, 13.62702,Hauzenberg / Waldkirchen,Unterer Wald
ILS Passau,Freyung-Grafenau,Waldkirchen Niederbay,Richardsreut - Waldkirchen Niederbay,48.74155, 13.60458,Hauzenberg / Waldkirchen,Unterer Wald
ILS Passau,Freyung-Grafenau,Waldkirchen Niederbay,Rohrwies - Waldkirchen Niederbay,48.72113, 13.62624,Hauzenberg / Waldkirchen,Unterer Wald
ILS Passau,Freyung-Grafenau,Waldkirchen Niederbay,Saßbach - Waldkirchen Niederbay,48.72157, 13.58446,Hauzenberg / Waldkirchen,Unterer Wald
ILS Passau,Freyung-Grafenau,Waldkirchen Niederbay,Saßbachmühle - Waldkirchen Niederbay,48.71875, 13.57642,Hauzenberg / Waldkirchen,Unterer Wald
ILS Passau,Freyung-Grafenau,Waldkirchen Niederbay,Sattlmühle - Waldkirchen Niederbay,48.73594, 13.60486,Hauzenberg / Waldkirchen,Unterer Wald
ILS Passau,Freyung-Grafenau,Waldkirchen Niederbay,Saußmühle - Waldkirchen Niederbay,48.71861, 13.59512,Hauzenberg / Waldkirchen,Unterer Wald
ILS Passau,Freyung-Grafenau,Waldkirchen Niederbay,Schauerbach - Waldkirchen Niederbay,48.70462, 13.65715,Hauzenberg / Waldkirchen,Unterer Wald
ILS Passau,Freyung-Grafenau,Waldkirchen Niederbay,Schiefweg - Waldkirchen Niederbay,48.73893, 13.59430,Hauzenberg / Waldkirchen,Unterer Wald
ILS Passau,Freyung-Grafenau,Waldkirchen Niederbay,Schlößbach - Waldkirchen Niederbay,48.77951, 13.61213,Hauzenberg / Waldkirchen,Unterer Wald
ILS Passau,Freyung-Grafenau,Waldkirchen Niederbay,Sickling - Waldkirchen Niederbay,48.72994, 13.58207,Hauzenberg / Waldkirchen,Unterer Wald
ILS Passau,Freyung-Grafenau,Waldkirchen Niederbay,Solla - Waldkirchen Niederbay,48.75958, 13.64621,Hauzenberg / Waldkirchen,Unterer Wald
ILS Passau,Freyung-Grafenau,Waldkirchen Niederbay,Stadl - Waldkirchen Niederbay,48.74598, 13.63394,Hauzenberg / Waldkirchen,Unterer Wald
ILS Passau,Freyung-Grafenau,Waldkirchen Niederbay,Stelzermühle - Waldkirchen Niederbay,48.74950, 13.57442,Hauzenberg / Waldkirchen,Unterer Wald
ILS Passau,Freyung-Grafenau,Waldkirchen Niederbay,Stierberg - Waldkirchen Niederbay,48.77532, 13.63552,Hauzenberg / Waldkirchen,Unterer Wald
ILS Passau,Freyung-Grafenau,Waldkirchen Niederbay,Stocking - Waldkirchen Niederbay,48.70007, 13.59280,Hauzenberg / Waldkirchen,Unterer Wald
ILS Passau,Freyung-Grafenau,Waldkirchen Niederbay,Traxing - Waldkirchen Niederbay,48.73672, 13.62064,Hauzenberg / Waldkirchen,Unterer Wald
ILS Passau,Freyung-Grafenau,Waldkirchen Niederbay,Unholdenberg - Waldkirchen Niederbay,48.71212, 13.57417,Hauzenberg / Waldkirchen,Unterer Wald
ILS Passau,Freyung-Grafenau,Waldkirchen Niederbay,Unterhöhenstetten - Waldkirchen Niederbay,48.72098, 13.55693,Hauzenberg / Waldkirchen,Unterer Wald
ILS Passau,Freyung-Grafenau,Waldkirchen Niederbay,Waldkirchen - Waldkirchen Niederbay,48.72982, 13.60116,Hauzenberg / Waldkirchen,Unterer Wald
ILS Passau,Freyung-Grafenau,Waldkirchen Niederbay,Weid - Waldkirchen Niederbay,48.73944, 13.64201,Hauzenberg / Waldkirchen,Unterer Wald
ILS Passau,Freyung-Grafenau,Waldkirchen Niederbay,Werenain - Waldkirchen Niederbay,48.77671, 13.57307,Hauzenberg / Waldkirchen,Unterer Wald
ILS Passau,Freyung-Grafenau,Waldkirchen Niederbay,Wotzmannsreut - Waldkirchen Niederbay,48.75083, 13.58627,Hauzenberg / Waldkirchen,Unterer Wald
ILS Passau,Freyung-Grafenau,Waldkirchen Niederbay,Zimmermandling - Waldkirchen Niederbay,48.71908, 13.64981,Hauzenberg / Waldkirchen,Unterer Wald
ILS Passau,Freyung-Grafenau,Zenting,Blumau - Zenting,48.78452, 13.25895,Grafenau,Nationalpark
ILS Passau,Freyung-Grafenau,Zenting,Burgsdorf - Zenting,48.79253, 13.27693,Grafenau,Nationalpark
ILS Passau,Freyung-Grafenau,Zenting,Daxstein - Zenting,48.81258, 13.23146,Grafenau,Nationalpark
ILS Passau,Freyung-Grafenau,Zenting,Ellerbach - Zenting,48.77631, 13.24623,Grafenau,Nationalpark
ILS Passau,Freyung-Grafenau,Zenting,Fradlberg - Zenting,48.80164, 13.25550,Grafenau,Nationalpark
ILS Passau,Freyung-Grafenau,Zenting,Gerading - Zenting,48.78677, 13.25484,Grafenau,Nationalpark
ILS Passau,Freyung-Grafenau,Zenting,Gessenreuth - Zenting,48.79681, 13.27437,Grafenau,Nationalpark
ILS Passau,Freyung-Grafenau,Zenting,Grausensdorf - Zenting,48.77543, 13.27846,Grafenau,Nationalpark
ILS Passau,Freyung-Grafenau,Zenting,Gruselsberg - Zenting,48.78066, 13.25602,Grafenau,Nationalpark
ILS Passau,Freyung-Grafenau,Zenting,Haberöd - Zenting,48.76850, 13.25469,Grafenau,Nationalpark
ILS Passau,Freyung-Grafenau,Zenting,Hasling - Zenting,48.75146, 13.25518,Grafenau,Nationalpark
ILS Passau,Freyung-Grafenau,Zenting,Hauermühle - Zenting,48.76936, 13.28215,Grafenau,Nationalpark
ILS Passau,Freyung-Grafenau,Zenting,Hochreuth - Zenting,48.77472, 13.26637,Grafenau,Nationalpark
ILS Passau,Freyung-Grafenau,Zenting,Hörperting - Zenting,48.75873, 13.25637,Grafenau,Nationalpark
ILS Passau,Freyung-Grafenau,Zenting,Lina - Zenting,48.79905, 13.25961,Grafenau,Nationalpark
ILS Passau,Freyung-Grafenau,Zenting,Mahd - Zenting,48.79994, 13.24158,Grafenau,Nationalpark
ILS Passau,Freyung-Grafenau,Zenting,Manzenreuth - Zenting,48.78508, 13.28083,Grafenau,Nationalpark
ILS Passau,Freyung-Grafenau,Zenting,Neuhof - Zenting,48.76888, 13.28009,Grafenau,Nationalpark
ILS Passau,Freyung-Grafenau,Zenting,Poxöd (Buxöd) - Zenting,48.78569, 13.26210,Grafenau,Nationalpark
ILS Passau,Freyung-Grafenau,Zenting,Ranfels - Zenting,48.76654, 13.26743,Grafenau,Nationalpark
ILS Passau,Freyung-Grafenau,Zenting,Simmering - Zenting,48.77310, 13.23288,Grafenau,Nationalpark
ILS Passau,Freyung-Grafenau,Zenting,Steinermühle - Zenting,48.76556, 13.25259,Grafenau,Nationalpark
ILS Passau,Freyung-Grafenau,Zenting,Steinhof - Zenting,48.76644, 13.24635,Grafenau,Nationalpark
ILS Passau,Freyung-Grafenau,Zenting,Unteraign - Zenting,48.78273, 13.23015,Grafenau,Nationalpark
ILS Passau,Freyung-Grafenau,Zenting,Waltersdorf - Zenting,48.76957, 13.24519,Grafenau,Nationalpark
ILS Passau,Freyung-Grafenau,Zenting,Winden - Zenting,48.79810, 13.26907,Grafenau,Nationalpark
ILS Passau,Freyung-Grafenau,Zenting,Zenting - Zenting,48.79238, 13.25894,Grafenau,Nationalpark
